device_id,device_type,os,manufacturer,model,last_used
94a34274-b9c3-4ffe-924a-58fa5e3fd35a,smartphone,Android,"Jacobs, Miller and Martin",book,2023-10-11 06:31:59
66bda5ac-1129-440a-a773-dfb141546355,smartphone,os blackberry,Rios-Kim,many,2024-02-17 06:28:25
bd9c595f-3870-4983-8e96-caf698325788,tablet,os blackberry,Jones-Cruz,certainly,2023-11-13 12:38:27
e63f5790-5610-475c-a86c-82b7f33ed2d6,cellulaire,Android,Chan-Holloway,pattern,2023-09-29 15:02:21
8e3b7f21-5ca5-4947-8ea6-d081f10b55d7,smartphone,Android,"Wilson, Kaiser and Freeman",build,2024-01-17 22:45:21
22cf6689-3337-4264-bada-1ac75193a64c,cellulaire,Android,"Chang, King and Brown",simply,2023-11-05 08:21:41
ba225848-770d-4afc-a740-cde57563f07d,cellulaire,os blackberry,Martin LLC,happen,2024-03-10 23:36:13
92b2f9ae-bff8-4c64-8368-da88a2a3be15,smartphone,os blackberry,"Mills, James and Carpenter",early,2024-07-30 01:39:22
cb88189d-55e8-43dd-b9d6-4c1836fe1dc7,cellulaire,os blackberry,Powers-Ramirez,off,2024-01-18 01:43:21
20c6b9d4-f1ff-432f-864b-1a2686f15433,cellulaire,Android,"Hoover, Davidson and Mills",service,2024-05-14 17:24:32
07a8eb50-16d2-48d4-b321-88f01b5b8e08,smartphone,os blackberry,Reyes and Sons,before,2023-11-12 13:03:40
b2e16cd5-4d65-45e9-a218-db5039e809f7,cellulaire,iOS,"Bennett, Short and Roy",medical,2023-12-16 15:27:35
6b7851b3-852e-4ee8-b7ec-06dcd7054721,smartphone,iOS,Velazquez PLC,deep,2023-10-20 14:20:54
59d00618-0bc3-4cfb-beb8-911569ad6fc1,tablet,iOS,"Sloan, Hall and Floyd",money,2023-10-12 04:07:58
10a94c22-6d25-4e28-a353-355edcf3e210,cellulaire,Android,"Chavez, Carter and Hall",though,2024-03-09 10:06:25
876b8ca4-e6fc-4aff-b1a6-a3872c97be81,smartphone,Android,"Church, Lee and Harmon",industry,2024-02-03 21:36:47
9266972a-1797-48cc-ba56-1809458061ef,smartphone,os blackberry,"Burns, Allen and Robertson",look,2024-02-17 00:21:40
ac160648-954c-47d5-bd51-d23357a9da28,smartphone,os blackberry,Cochran-Reed,everyone,2023-08-13 00:22:32
76314071-4642-4e51-9d94-02458d181827,tablet,Android,Carpenter Group,week,2023-08-12 05:35:22
784048cc-7857-4b36-a442-a32dff6449a4,smartphone,Android,Mitchell Inc,green,2023-08-07 14:11:11
58b6566a-e669-441e-9c2c-6117e3b3aa16,smartphone,iOS,Chavez PLC,tonight,2024-07-15 22:58:10
235ca415-cbbd-49de-b5e9-dfc1fbfebcdf,smartphone,Android,"Lopez, Williams and Adams",sound,2024-08-06 03:06:50
7a281ce1-ac11-4012-9b10-8ad2f8350e7a,tablet,iOS,Brown-Arellano,as,2023-11-22 04:28:14
e824c5eb-4437-4b5c-b8e5-3f0c4121e43c,cellulaire,os blackberry,"Williams, Nash and Watkins",so,2023-11-27 17:42:13
ace59aaf-72e6-4934-9b62-d092e1825e3f,tablet,os blackberry,"Olson, Navarro and Miller",dream,2023-11-13 06:13:26
c8dac824-c8a2-438f-be55-46a6a606d586,cellulaire,iOS,Phillips Ltd,pass,2024-02-05 01:11:33
0a55a51a-ec73-4aac-a138-49f8193941a3,cellulaire,Android,Morse-Schmidt,movement,2024-02-01 22:49:03
4c302075-1dcc-42e5-9a7c-5026b8be3190,smartphone,iOS,Rivera-Johnson,nor,2024-02-28 11:27:41
278ea8e4-7003-4516-a9de-3b9152b7be07,smartphone,iOS,Clayton-Luna,cost,2023-08-08 03:32:39
c9b66e56-0e42-46f6-abb8-5a6edb952092,tablet,Android,"Willis, Long and Taylor",up,2023-09-01 14:34:10
397b315f-18a9-4cfd-9f89-bc230b770fc6,smartphone,iOS,Ruiz-Burton,thing,2023-12-22 17:59:33
9dd1f72d-7672-4e60-ac18-2e882313ff6b,smartphone,iOS,Collins-Glenn,bill,2024-06-30 06:21:52
ac0f7129-58f0-45fd-a5d7-8e387c873eb3,tablet,os blackberry,Cummings-Pacheco,notice,2023-11-22 13:43:14
2a7376fc-114c-4ba1-a718-eeb708dae47a,smartphone,iOS,"Willis, Cohen and Cruz",police,2024-03-08 04:38:00
a4bee352-4fb2-41f6-9378-5d7d6fadaef1,smartphone,iOS,Ryan Inc,window,2023-11-05 00:13:09
4cd096d5-ecc3-472d-beb9-3e4c7a982193,tablet,os blackberry,Ferguson Inc,anything,2024-05-03 17:32:54
68dfe7c8-dc8a-4737-9917-16c26ff11df4,cellulaire,os blackberry,"Cannon, Peters and James",dinner,2024-02-22 01:03:19
d1b7074c-b697-49ba-be04-235b37a35154,smartphone,iOS,"Martinez, King and Graham",spend,2023-11-22 08:39:30
aed13760-4566-46f6-8be3-0d5cfc62ba8d,cellulaire,Android,"Hess, Davis and Delgado",employee,2024-03-12 12:35:04
892ee960-eeac-4d2e-a08a-5291cc206f76,smartphone,iOS,Jennings PLC,budget,2024-01-07 18:16:08
360a3925-8f6d-4034-a895-1c7f5dade60d,cellulaire,iOS,Pope-Hutchinson,too,2024-04-03 01:09:46
35a8b714-85ee-4c73-b6c2-97890fc2319b,tablet,Android,"Smith, Leon and Bryant",carry,2024-06-14 16:02:52
a30aa824-062a-4a2c-880a-7c430511c49b,cellulaire,iOS,"Myers, Manning and Cook",develop,2023-11-15 13:15:00
1b396e80-a3af-4fb4-9f37-806444f9d463,tablet,iOS,"Singh, Rodriguez and Harrison",career,2023-09-17 00:16:42
2beaee42-a8ca-4b3a-94b4-a8f5fd99695f,tablet,Android,Campbell Inc,try,2024-07-28 18:02:58
5206af01-a4b2-4247-82ea-8bf7708e041c,smartphone,iOS,Evans and Sons,step,2024-08-01 15:22:24
3ec84672-9133-4125-b93a-921eac6cceae,smartphone,iOS,"Conway, Pruitt and Castillo",art,2024-01-28 10:17:33
8cbcfa95-729d-4db5-9d83-810fa633f76b,tablet,Android,Adkins-Snow,and,2023-12-18 20:20:26
9a940de7-6cf9-4e8e-98b1-35805cd7c743,smartphone,iOS,Hood-Davis,wrong,2023-09-16 12:34:15
67aed26b-b533-41d3-9671-a697ea214765,cellulaire,os blackberry,Taylor-Thompson,morning,2024-07-25 14:45:59
15b2b0b8-5e0a-4da6-baf0-68deb525526c,smartphone,os blackberry,Ruiz-Wright,campaign,2024-03-21 01:03:44
99139628-969e-44d9-bad2-4f306fca64c2,tablet,iOS,"Wheeler, Pittman and Weber",cause,2023-08-19 07:35:42
5196d6d8-1214-4945-ba73-ca3dc251e520,smartphone,Android,"Winters, Stone and Fisher",window,2023-11-13 11:29:25
bd8d5730-0cb7-4764-a09c-854f8a4e7d45,smartphone,iOS,Pham-Brown,evidence,2024-02-15 09:07:45
ba54908e-e243-4a3d-993e-55197a446b59,tablet,os blackberry,Jarvis-Elliott,certainly,2023-12-05 19:22:21
7a91fad7-f268-45ad-8c9e-f1ab32342add,tablet,Android,Perez Inc,sit,2024-02-18 18:32:13
1dcf9a48-c8d8-48a9-a865-440e99e4e359,tablet,iOS,Burton-Eaton,decision,2024-06-26 16:21:39
b978c536-8455-470f-9a6b-88dc70e5740f,cellulaire,os blackberry,Grant-Adams,test,2023-11-18 02:53:41
cd23f863-ba79-4688-9dbb-60d77b71418f,tablet,os blackberry,Newman Ltd,clearly,2024-07-18 19:37:43
b939b901-5a88-4652-8126-c822b4cb1dbd,cellulaire,iOS,Cherry Ltd,push,2023-08-29 15:31:32
d5aa6a65-edad-4978-8882-4a50a979fece,cellulaire,Android,Mccarthy LLC,resource,2024-01-07 23:35:12
7986ab20-2f4b-4b45-ade6-56b8ab1331bc,cellulaire,Android,Fowler-Harvey,something,2024-04-04 22:27:47
d25d5f79-eabe-4708-a318-1d75a7c92086,smartphone,os blackberry,Soto-Koch,pretty,2023-12-15 11:43:54
307b5b06-6b1c-4c51-be15-f15a11c50e47,cellulaire,iOS,Castro-Anderson,be,2024-01-31 12:11:52
33723c17-d7ba-4bf1-9701-ecfe3118d9c0,smartphone,Android,"Gardner, Black and Anderson",science,2023-09-18 10:03:16
e88ae2a0-20de-4fdd-9303-24c1ddd52280,cellulaire,iOS,"Davis, Morgan and Stafford",rather,2024-03-24 06:18:27
f1f9b55f-d5fc-4c83-8b06-06c8871a5abb,cellulaire,os blackberry,Horn-Madden,special,2023-12-13 01:01:51
8bc3f736-2f45-46e7-84db-90ea8ca6b551,smartphone,iOS,Marshall LLC,hand,2024-02-08 07:36:22
fc265f17-e473-4eee-83d6-d2ccc9b3aff4,cellulaire,Android,"Gray, Galvan and Hanson",cold,2023-08-09 07:10:47
e65b4419-bdc8-4529-afb5-8591f534f038,cellulaire,iOS,"Zimmerman, Hansen and Chapman",woman,2024-01-21 10:49:03
949b0e20-72e5-4109-b177-cc7329926f0d,cellulaire,iOS,Montoya-Lyons,president,2023-10-06 07:21:12
5bac5c21-f5c8-48df-b02a-362ecb77d9a5,tablet,Android,Jordan-Cherry,share,2024-01-17 19:36:44
3f15963a-0e10-418e-a0e5-8982309bb1d9,cellulaire,Android,Padilla Group,wife,2024-01-11 10:34:39
068708d6-236d-4e4a-9a3a-c14b6a806b60,tablet,Android,Benson-Hart,there,2023-08-29 18:05:48
187e293d-bb28-467d-96df-a76e81019fd8,tablet,os blackberry,Zimmerman LLC,new,2024-08-05 05:12:03
7ba306f7-b06c-43b6-aaf2-6fedf50bb67d,tablet,iOS,"Boone, Yang and Young",agency,2024-01-28 19:35:04
f2601645-3245-46f9-8d7f-caadeb4eb5fa,smartphone,Android,Marsh LLC,point,2023-10-20 00:37:13
825bc329-48af-430d-9154-db6bb8098640,smartphone,Android,"Bennett, Phillips and Kirk",rest,2023-12-05 00:47:08
a5e248a1-eb2c-4c51-89f3-9ff353341c69,cellulaire,os blackberry,Gordon-Castaneda,born,2023-10-22 05:50:03
b5725780-756f-4821-8544-e32ee56a7dbf,tablet,Android,Patton-Roth,yourself,2023-09-04 16:57:05
b4514c94-f0d6-4303-a071-3d275ec3153d,cellulaire,iOS,"Mann, Lambert and Hines",describe,2023-11-09 16:43:00
510b4619-1f6e-4353-b793-c9760ae059d3,tablet,os blackberry,"Sellers, Fletcher and Matthews",house,2023-12-24 02:06:30
c7f1b5fc-db85-4fbb-9ec3-92f38aaa63c1,smartphone,os blackberry,"Haynes, Davis and Wood",enter,2024-04-21 15:20:40
55ac9f51-5b14-4b2d-adc7-d27141a709df,smartphone,Android,Floyd Inc,throw,2024-05-09 14:02:00
f95aab93-3f33-41cc-931a-72be05d5aa14,tablet,os blackberry,"Hughes, Davidson and Strickland",lead,2024-07-15 17:58:55
d0d23629-f028-4663-9470-ebf3fa53111e,cellulaire,Android,Bowen Inc,economy,2024-02-11 02:49:24
76381bd2-0af0-4ee7-8346-886741887d33,cellulaire,os blackberry,Morrison-Romero,own,2023-12-02 20:43:59
a9438468-10b1-4d4b-a8d6-2693598b090f,tablet,os blackberry,Mccall PLC,down,2024-07-07 19:25:19
fe25b49a-24c7-422f-9c8a-a4be42d57bce,tablet,os blackberry,Carroll-Ryan,heavy,2024-03-16 21:27:40
c291da02-e009-4f2b-b4a8-647efc6e6ada,tablet,iOS,Jones Ltd,low,2023-08-15 03:12:02
c96eacd8-f686-4c65-a4f8-24018428bf54,cellulaire,iOS,"Mccarty, Parsons and Williams",boy,2023-11-25 15:24:02
882a8e55-e22a-4045-84a5-0af54143e115,cellulaire,iOS,Conrad Group,shake,2024-01-28 02:32:41
3845b3db-accd-4eb6-8e5c-cdbf0675e85c,smartphone,Android,Scott-Miller,exactly,2023-08-11 10:01:16
fe2f8154-9656-4fbe-a955-72dc83a54419,smartphone,os blackberry,Snyder Ltd,agree,2023-11-06 14:10:42
4b87182b-723b-4d9c-9d67-e9588b26a1b5,cellulaire,os blackberry,Price-Soto,cover,2024-01-25 16:48:03
26c82ab9-5c4f-40c0-8573-ee8e5ef58640,tablet,os blackberry,"Fleming, Riddle and Alexander",with,2024-03-23 07:10:02
028b2650-6fd5-4b75-9c50-4889a7b1e863,tablet,iOS,Chen and Sons,whatever,2023-11-20 22:34:38
4ce332d6-e7f5-4b81-b746-ec0e37999ee8,smartphone,Android,Davis and Sons,box,2023-08-21 03:07:01
532ae6d8-84fa-42da-a4c5-d01c4ea679b7,smartphone,iOS,Miller Group,hard,2024-06-01 02:30:28
125b425e-76ac-422f-b13c-0810dc306861,cellulaire,os blackberry,Mcdowell-Wright,hold,2023-11-13 18:56:52
ea28517f-be90-48bd-b176-bef4a58e77d8,cellulaire,os blackberry,"Shelton, Arias and Scott",technology,2023-09-19 02:49:51
39b77b98-fadf-4449-8c02-7363e46b83bd,tablet,Android,"Lang, James and Cruz",down,2024-02-20 22:04:05
f749d624-3b8f-4b6d-a827-c7b9bbd48100,tablet,Android,"Yates, Maxwell and Allen",realize,2024-06-26 14:22:43
dc1e6a6a-8d77-461d-95b6-83572837d460,tablet,Android,Hunt-Roy,charge,2024-02-06 19:25:24
a05a3c4c-5600-4de8-89ba-06faf4b3809c,smartphone,os blackberry,"Young, Mckinney and Taylor",ever,2023-11-05 15:44:50
9f110de0-65c3-4ebb-a410-5e2538d38553,tablet,os blackberry,Lester-Martin,perhaps,2024-07-24 18:07:43
6bf52bc9-6480-4a04-833c-3a19fa5fe091,smartphone,os blackberry,Curry-Escobar,fine,2024-08-02 23:06:05
8d60c2b8-4760-4729-bfc2-4f0e724d54f2,smartphone,iOS,Green-Duncan,part,2023-09-29 12:53:35
0d3a4b1b-0d23-4a44-962d-69269d3ee88d,smartphone,os blackberry,Rodriguez LLC,financial,2024-01-10 06:57:06
c303a869-bbfe-43cf-9d97-f1ece3c6145f,smartphone,iOS,Brown-Sullivan,career,2023-11-26 11:40:43
47340dbf-0207-409a-ac37-26fa43f305c2,tablet,iOS,Pittman-Wagner,interview,2024-07-21 13:20:30
bbefbdc0-3b68-4c19-b121-ec8b43294589,cellulaire,os blackberry,Chandler-Spence,very,2024-07-22 22:15:16
73265da9-057b-415a-a7cf-8bde87061e62,tablet,os blackberry,Thomas-Diaz,seat,2023-08-25 06:40:27
e38db576-29cb-4abb-a6cd-a100906155d3,tablet,iOS,Arnold Ltd,try,2023-12-05 19:21:38
dfa826fb-aa4f-4432-b672-e7386f267022,cellulaire,iOS,"Butler, Silva and Leon",despite,2024-07-02 09:58:27
067d4150-c658-47b8-b92e-8682de51249c,cellulaire,os blackberry,"Woods, Duke and Mcintyre",class,2024-02-09 01:56:05
9b55231e-ef6a-4b6e-aa69-a7dabf61097e,cellulaire,Android,George LLC,next,2024-07-23 08:26:34
6d0d63e9-6627-4e98-b63b-96b68d3523ce,tablet,Android,Glenn Group,field,2024-04-05 14:59:50
e8ee8a89-1c99-4e1b-acd0-363e632ba31a,smartphone,iOS,Hogan Ltd,manage,2023-12-10 11:07:50
ead4de1e-5e83-4672-baec-cefc6b0f4801,tablet,Android,Wade and Sons,cell,2023-12-01 22:55:37
ef3079b4-ed1c-46cc-bbce-17a539e59562,tablet,Android,"Rodriguez, Shelton and Thomas",think,2023-10-31 07:05:02
280fd72b-6376-407f-96c7-6768d2b6a052,smartphone,iOS,"Anderson, Young and Horton",indeed,2024-04-11 06:03:00
3160e139-1180-449d-bf18-206d04accd40,cellulaire,iOS,Ellis-Lowe,trade,2024-02-21 08:25:15
353f74f6-2968-445e-8536-9146bd3eaf90,smartphone,os blackberry,Duncan-Hernandez,matter,2024-05-02 18:50:09
3278d1d3-6c74-4df9-8e08-fc9f0bf9bd8b,tablet,os blackberry,Marks Group,high,2023-12-14 02:21:41
c6e9079b-24e5-49a0-bc52-4514ae02cb67,cellulaire,os blackberry,Richardson Ltd,model,2024-02-12 09:23:07
2e1fb8fd-70ed-45fb-922e-0d8fb50f9187,smartphone,iOS,Mcdonald PLC,affect,2024-04-03 23:51:26
12b89145-8375-40e8-8b55-42442c4ddbc7,tablet,Android,Smith Group,laugh,2023-09-08 08:16:34
ff608ddf-66fd-4beb-8955-f9abbea14bd3,smartphone,os blackberry,"Harris, Arnold and Macias",movement,2024-03-05 09:29:16
d3d642c6-f7a2-41f7-974e-37145a18d4b6,cellulaire,Android,Jones-Thomas,leg,2023-08-15 08:18:01
e5eff88d-7681-4786-8e62-e2f22dd8f3ac,smartphone,iOS,Hayes Inc,say,2024-03-05 10:46:28
0398049a-f7c1-489e-a6b3-a8dd90947680,smartphone,Android,Walker-Guzman,with,2023-12-17 08:14:44
bc2d4106-9085-40b6-bedf-cae6106cd204,smartphone,Android,Murray Group,former,2023-12-10 01:12:49
8168d36c-2c52-4e56-abc1-daa1fd6e42c7,smartphone,iOS,Campbell LLC,together,2023-08-18 01:24:54
89a8a06a-7efe-493a-bf21-f1a6a8cdb56e,cellulaire,iOS,"Clay, Stephens and Rosales",support,2024-06-30 00:52:13
caf47330-209d-478a-a047-4c5e6474946b,tablet,iOS,Smith-Anderson,finally,2024-03-20 10:11:55
3d7763fc-e9d2-4b3f-8102-3415b42bf9bb,smartphone,Android,Miranda and Sons,receive,2024-06-10 03:07:46
78dccbab-6bb6-49eb-b096-c2d4446337e3,smartphone,iOS,"Preston, Greene and White",PM,2024-07-24 11:05:37
46ea4036-1751-4e84-ba35-1ce8340192a3,cellulaire,iOS,"Miller, Velasquez and Bryant",meet,2023-09-12 01:44:25
7d3552eb-0e14-4add-b6bd-26399aa2f3f0,cellulaire,Android,Villarreal-Martinez,budget,2023-11-02 03:53:55
6db915a4-fa04-4bdb-988e-ce7363ec3962,cellulaire,iOS,Barton Inc,alone,2024-04-10 04:58:21
4547c9ac-54f4-4ab0-b6a0-7d4e59c1fe24,tablet,os blackberry,"Bell, Clay and Lamb",ago,2024-08-04 06:30:30
13ceae3a-fdf8-4792-89fa-abd783346904,tablet,Android,Taylor-Harris,sort,2023-10-07 06:25:02
96b1aa9e-b626-4f33-b44f-fd3272fb108f,smartphone,Android,Curry Inc,billion,2023-09-09 17:03:43
ab14d23f-634a-4e99-8566-63c8860bb976,tablet,iOS,Montgomery and Sons,weight,2024-01-14 00:33:02
1069dba9-9aac-4ed1-acf8-49d50c6dedef,smartphone,os blackberry,Holloway-Lara,unit,2024-07-06 15:23:43
735c6aeb-0443-4c70-b51c-a7c34f499c46,cellulaire,iOS,"Mills, Thompson and Herrera",long,2024-06-19 15:50:53
47275472-abef-4ff8-b003-7ec1279e4c47,cellulaire,Android,"Lee, Daniels and Burgess",watch,2024-08-06 01:43:09
03773419-5cdc-4653-bf2f-2c707569c4a2,cellulaire,iOS,Johnson PLC,plan,2024-02-29 04:24:52
f93754fd-c330-457c-8f44-eaef26f24d88,tablet,os blackberry,Brooks-Miller,cut,2023-12-14 23:23:22
995ab1a7-69d2-46fb-a2e0-7760ca0048c1,smartphone,iOS,Smith LLC,morning,2024-08-05 02:05:02
ac076f91-7643-4f46-8dd9-4506e9635d7b,smartphone,Android,"Perkins, Haynes and Lewis",watch,2023-10-29 12:24:44
dae909cc-2bf9-4f98-b685-dbf711963221,cellulaire,iOS,Cline-Kennedy,real,2024-02-25 10:45:15
ef7796fe-faa6-4229-afad-76099825e4dd,cellulaire,Android,"Pena, Cook and Stewart",sister,2024-07-05 21:32:30
7158eeb9-aea8-4214-a0c7-701786648131,tablet,iOS,Copeland-Williams,none,2024-01-26 12:08:38
6ff82010-c7f4-4016-850c-f0f04ba26502,tablet,iOS,Reese and Sons,particularly,2024-03-30 00:49:26
4206283f-27ef-4bce-9fab-90624d71ec91,tablet,Android,Wiggins-Wilson,difficult,2023-09-30 21:22:19
926ea6d0-a830-4821-9405-2317711172ca,smartphone,os blackberry,"Oliver, Wilson and Miller",truth,2023-10-06 20:22:31
00833514-9408-4617-b203-883fde56a287,tablet,iOS,Richardson and Sons,edge,2023-08-29 09:48:37
ccb9c1b3-a4c9-4931-9e0b-e596b002cc3c,smartphone,os blackberry,Moore-Gutierrez,several,2023-12-07 14:11:55
f00fbd47-b61a-4a99-a15c-3b2239b7cacb,cellulaire,Android,Brown-Velazquez,hand,2023-10-28 12:25:05
d116f5ff-d5c8-49a4-9362-4b36dd9d9f7f,smartphone,Android,Weber Inc,wind,2024-06-15 16:16:35
4ae01dca-569f-44ca-8ff7-ea672dfdabd5,cellulaire,iOS,"Allen, Hernandez and Conrad",professional,2023-08-11 01:21:18
40988bbb-8c43-4ac5-8213-86815e58b1f1,cellulaire,iOS,"Carpenter, Davis and Price",inside,2024-07-10 03:14:11
68f3f94e-c4c5-40ec-a340-a344da6f7500,tablet,iOS,Brown Ltd,recognize,2024-05-13 13:48:20
331a41ff-7397-464e-80e7-4cba972956bc,tablet,iOS,Frazier-Cowan,throw,2024-02-21 05:15:44
1fa7529e-c622-4f23-bc5d-ff622496e91c,tablet,os blackberry,"Thomas, Hudson and Mitchell",song,2024-07-15 17:27:54
4819f7d5-f6c8-4a3d-a9d4-205f462a649c,tablet,Android,"Green, Graves and Miller",site,2023-11-13 07:46:02
36f7df0b-212a-4f0d-a8b4-ec658165664c,tablet,iOS,"Miles, Phillips and Jenkins",education,2023-08-26 18:37:34
525513c8-a26d-4f47-96f0-e87af941b7ff,tablet,os blackberry,Murray-Murphy,participant,2024-07-23 11:04:20
717acab1-d1d6-4089-8008-b03bdad85b9b,tablet,Android,Porter LLC,adult,2024-01-08 00:05:40
2ffea812-fe2c-4907-8bc3-d7e355170d7f,smartphone,iOS,Reese-Jenkins,than,2024-01-23 03:00:09
41397ecf-a670-4aa9-8de2-2ad9037c1b3b,cellulaire,Android,Harris-Hill,language,2024-05-22 06:15:32
3f543c99-8693-4fc1-9505-53ba04812be7,smartphone,iOS,Ferguson Ltd,last,2024-06-21 13:39:12
efb46459-193e-460e-848a-e424d70f7d66,tablet,os blackberry,Rios LLC,training,2023-12-19 21:18:44
d33d0424-90b5-4ca8-9f65-c4cbde3c590a,tablet,os blackberry,French-Morales,exactly,2024-05-01 10:09:53
94474fb9-f0f5-4ad0-aade-0e6f2fa8fa1b,smartphone,Android,Green-Hall,great,2024-06-14 14:26:44
7499142c-6da0-493e-a845-afa3fdc79231,tablet,iOS,Campbell Group,suggest,2023-10-29 01:12:22
f9b0a4d1-4e4c-43ad-8800-c1604173bd48,smartphone,iOS,Williams LLC,pretty,2023-09-26 10:18:07
ca05df72-1b3d-4714-a977-0ff5aa2bedee,smartphone,Android,Cooper-Brady,that,2024-07-07 06:25:13
fdcafbd1-ef70-4e01-bd7c-65b3483beb35,cellulaire,Android,Miller and Sons,whom,2024-04-29 04:52:35
415a3e89-524f-4717-bd8a-05f4f9dfc0f6,smartphone,os blackberry,Vazquez Ltd,since,2023-10-19 06:01:36
8d0d16c8-5b01-40a2-9229-84e90421b1e5,cellulaire,os blackberry,"Taylor, Jones and Palmer",church,2023-09-19 20:42:52
2237be20-8ca4-4010-98e1-235502fbc043,cellulaire,os blackberry,"White, White and Stewart",policy,2023-09-13 08:51:46
cff857c9-ba36-41b7-bf33-92c92dffd2a2,smartphone,Android,"Flores, Adams and Sanchez",above,2024-08-05 01:31:47
4d58db96-ee1d-4a4f-893c-c11cd50b78f7,smartphone,os blackberry,Jones and Sons,way,2023-09-10 00:50:55
2d4cc676-1b9f-4ed9-91ca-b0e44a78be1b,tablet,Android,Walker LLC,list,2023-10-08 09:10:14
7a79beef-7c30-418e-9211-0de4e3bfb3ca,cellulaire,os blackberry,"Young, Jones and Johnson",lot,2023-08-14 11:30:56
ba0e62f1-dea0-4f76-967d-d3c2745d2de0,smartphone,os blackberry,"Griffin, Warren and Forbes",at,2023-08-20 01:54:46
9f7ced25-08d8-479d-bbc5-24b613e2504c,cellulaire,os blackberry,Robinson-Williams,central,2024-03-31 08:02:43
87698cf8-52ec-4359-bd9c-a29769437eae,smartphone,os blackberry,"Gonzalez, Ward and Daniels",treatment,2023-10-07 08:52:04
50460c2a-e297-47d4-8f21-cec825ff9713,cellulaire,os blackberry,"Edwards, Cook and Gordon",side,2024-05-20 12:38:29
2f7167dd-05a4-44f2-b634-f7529d531184,cellulaire,iOS,Pittman-Morris,many,2024-04-10 20:10:07
e6ceb68f-ceba-46e5-a146-c1fbb9e86cee,tablet,Android,Smith LLC,send,2023-08-19 18:52:59
535a76a9-8e06-4a23-859f-42fd38a92495,smartphone,Android,Garcia and Sons,protect,2024-07-02 20:47:33
8f8e8ead-1bd7-4bd4-8edd-e1b09df58af6,smartphone,Android,Stevens-Adams,finally,2024-05-15 03:30:59
582c346a-9355-4a7e-8bc5-f06d587182e3,tablet,os blackberry,"Lee, Martinez and Hall",serve,2024-06-09 01:08:02
9eb87e76-f3c1-4173-b696-c8b7f5d64a9f,cellulaire,Android,"Johnson, Mcdaniel and Fischer",yourself,2024-02-22 13:07:59
95895f17-2e7d-41ea-8eb4-0031b309985b,tablet,iOS,Wyatt-Martinez,walk,2024-08-05 02:35:11
498564cb-1fa7-4f56-8260-f22b4d10ec4a,tablet,os blackberry,Moss LLC,method,2023-11-10 22:58:01
991a8f92-ee22-414d-a577-9eb53a045c10,tablet,os blackberry,Gonzales-Floyd,entire,2024-05-08 07:24:53
72f8702c-5e38-426b-87ab-cef8efe5ee83,cellulaire,Android,"Velasquez, Romero and White",girl,2023-12-05 08:21:52
3db79d83-0946-41f6-807f-2d076b7d8aaa,tablet,Android,Williams-Rangel,sea,2024-01-02 02:06:51
08c020a8-c3b5-491c-bbf8-776a1d72c6d9,tablet,Android,"Burch, Aguirre and Carter",type,2023-09-28 14:00:17
ac96d1a1-7427-4927-b30b-5d519e73439c,cellulaire,iOS,"Gillespie, Acevedo and Wong",say,2024-02-28 07:11:54
0935ad3a-82a1-4c42-b381-6fc897ebaab9,cellulaire,Android,Keith-Lin,magazine,2024-03-11 15:18:19
40fcf02c-3194-4e8b-a063-a3dca88385dc,cellulaire,Android,Clements Group,memory,2023-10-31 20:23:25
ed32e9d4-5147-430e-99ba-9407f4303118,tablet,iOS,Mueller-Brown,message,2024-07-21 01:27:27
ffdb5688-4b2b-4420-a851-38f8f745f9af,tablet,iOS,"Singleton, Crawford and Taylor",easy,2024-04-22 10:06:03
21dc3562-02aa-47cb-80d2-0728368229e0,cellulaire,Android,Schmidt LLC,organization,2023-10-15 18:01:36
09976bfb-9b41-45f7-8ad1-035aabb9d648,tablet,Android,"Dodson, Bryan and Hughes",collection,2023-09-04 03:05:15
bfc41fc5-3f2e-420d-a93a-8c90df8d09b7,smartphone,Android,"Montoya, Knox and Morales",future,2023-09-07 00:48:43
b80ad815-cc04-4860-960d-9b0f791676f4,cellulaire,iOS,"Thompson, Reeves and Pitts",after,2024-07-10 00:37:48
ac563633-90c9-4538-8c19-e7f6cebb8361,cellulaire,iOS,"Hardin, Coleman and Wright",scene,2024-03-20 13:45:18
3010838e-80e0-48a0-98f5-2119fc2df85b,tablet,Android,"Singh, Lloyd and Bridges",themselves,2023-10-22 13:42:33
d512b123-c709-4b0c-b617-0b056450a238,smartphone,os blackberry,Murillo Group,two,2024-01-31 15:00:16
b72d4242-ebf7-4845-95f8-a749ba8020f0,smartphone,Android,Mcintyre-Olson,born,2024-04-25 06:32:03
2789201d-6317-416f-b2ef-82fd7656991e,cellulaire,iOS,Henderson-Chambers,if,2023-12-02 17:50:51
50a3c45a-3e0d-4488-869d-2c22f9152764,cellulaire,iOS,"Dawson, Ayers and Horton",significant,2023-12-22 23:23:32
34bc9066-9264-45bd-8e1a-e275ed0a9039,cellulaire,iOS,Burton LLC,practice,2024-02-27 19:46:11
5a731b8c-2dd6-4ad0-81d1-edcd73b3aef1,tablet,Android,Long and Sons,whose,2023-11-24 05:28:13
fce16c88-9fda-480d-8949-7b12cca741f6,tablet,Android,"Logan, Peters and Hill",college,2024-05-17 16:23:06
93c04986-453c-41bc-b600-18502e282ab8,cellulaire,os blackberry,Thornton Ltd,position,2024-02-27 19:45:24
8dcaec71-0912-46d7-858d-bf8bac501f1b,cellulaire,iOS,Mcbride and Sons,father,2023-10-06 20:48:52
e89318e9-2553-466b-a60f-432cc8e63c48,smartphone,Android,Bright and Sons,wonder,2024-05-30 17:15:31
86d254d2-a1a4-4834-9cc3-87a3a906373a,cellulaire,Android,"York, Mcdonald and Simpson",land,2024-04-15 07:42:58
33e1ac9c-2ae7-4b3c-9f96-0a740f303875,cellulaire,os blackberry,"Rodriguez, Smith and Gomez",bed,2024-02-03 06:58:27
31ffbc17-8b3d-4ae5-863a-5720da2611b7,smartphone,Android,Christensen-Taylor,no,2024-04-25 17:14:44
9512f6dc-3dbf-434c-9f05-3c725e4cc16e,smartphone,Android,Terry-Kidd,Democrat,2023-10-20 05:05:22
7d7f9c9f-185a-455d-a349-6d8a2618ccee,smartphone,iOS,Villanueva-Garcia,language,2024-03-23 00:50:55
057e5565-a568-462a-b857-bddb6eed8ff2,tablet,os blackberry,"Mullins, Manning and Williams",another,2024-06-21 03:46:41
e6ea003b-0f72-4b9e-970e-098999215976,tablet,iOS,"Wells, Sanchez and Hahn",cultural,2023-08-08 04:25:12
92ecbb30-7692-4321-bd84-af5b6d4866b8,tablet,os blackberry,"Kent, Dixon and Jones",business,2024-01-19 17:01:26
87bd45d9-4b16-448c-bbe4-1633a4da9cb2,tablet,Android,Green-Flores,occur,2024-07-26 06:40:24
2ac484c8-a4c5-481c-a754-2d44a7d383d4,cellulaire,Android,Davis-Cooper,trouble,2024-01-16 08:30:35
037d8ab0-c2f5-41b7-9a3d-9c5364738eb3,tablet,os blackberry,Walton-Kane,campaign,2023-09-25 16:17:21
36d4fbb5-555b-4e4f-8e8d-f7c25ebb642a,smartphone,os blackberry,Clayton-Hansen,short,2024-01-06 11:38:18
8ff49b8f-e7f9-4b9d-978c-7dd49d9cb77c,smartphone,Android,"Martin, Lozano and Martinez",language,2023-08-19 13:55:58
73b3a235-dcc7-4653-9c21-d979837dc700,cellulaire,iOS,"Patton, Mckinney and Cooper",purpose,2024-08-04 19:54:56
e2138251-e499-4d7c-a29d-6f4d1dba6f28,tablet,iOS,Hardy-Barr,different,2024-03-28 23:57:01
db520757-a991-449d-8189-31dcfcd00e15,smartphone,iOS,"Schultz, Rodriguez and Warner",simply,2023-09-07 18:24:06
2ae13d65-54f6-4164-8065-ac7ab621ece1,tablet,iOS,Brown-Roberts,its,2024-06-25 12:52:28
1fbe791c-062e-4bb1-bb40-921bab1cc090,smartphone,Android,Herrera-White,again,2023-09-14 11:52:07
0417eb1e-1f44-4ef1-90c3-783499612105,cellulaire,iOS,Smith-Mack,area,2024-05-03 19:00:11
1da5829c-b2ad-4b35-8bae-033d95e1fb1a,tablet,iOS,Caldwell PLC,long,2024-06-27 11:40:07
b3847d67-c868-44a7-a4c7-1eff6f3137c4,tablet,Android,"Tucker, Ho and Price",action,2024-08-04 01:19:54
0e22baab-b141-464b-af7a-3e7f08819bfe,smartphone,Android,"Johnson, Mcmillan and Cooke",area,2024-07-10 17:20:12
e2f76dbd-8e82-4368-85da-19d31fabc999,tablet,os blackberry,"Perry, Smith and Johnston",make,2023-11-06 12:10:08
6710f2ae-2ddb-4e97-97bc-dc1114fcbf5f,smartphone,os blackberry,"Hawkins, Lynch and Baxter",himself,2024-07-21 04:16:44
fd88539c-8909-46c2-851e-06d276aafd1d,cellulaire,Android,Smith Ltd,remain,2023-12-30 06:47:31
282880aa-0cfe-4ee0-849a-d31eae774b78,cellulaire,Android,Shah Inc,out,2024-04-03 00:15:31
3e3a8d2a-6732-45aa-89ac-edd725e01856,cellulaire,iOS,Park Ltd,hotel,2024-07-31 21:27:06
15734186-2260-4528-a0d7-8e6a82e8fb89,smartphone,Android,Clark-Vargas,hit,2023-12-20 15:07:38
e863636c-52c9-4f43-9b70-e9b64bdafdbc,smartphone,os blackberry,Odom-Anderson,each,2023-12-19 05:58:38
312b9ed8-9a42-489b-accd-8cea12bfb80d,cellulaire,iOS,Flowers LLC,bed,2023-11-21 11:59:33
6f548d4d-764e-4061-ba3c-26342b5bb0d1,cellulaire,os blackberry,Davis Group,field,2023-10-10 19:47:45
febbb712-437d-4393-8c7f-31586df86341,tablet,Android,Duffy-Bryant,issue,2023-09-29 19:25:55
d9913fc9-3495-45fc-bac2-92026a0e33dc,smartphone,Android,"Mitchell, Mosley and Perez",away,2024-07-10 04:03:24
2cfe3a40-e1d1-4eef-bb1d-4112763c5f8a,tablet,iOS,Schmitt-Ingram,identify,2023-12-02 10:59:53
56ecdd9e-a154-4abb-87b8-3f8d513298db,smartphone,Android,Gonzales-Ortega,choice,2024-01-12 10:18:17
e88c4be2-f25a-4580-b756-0d6dca89b3ec,smartphone,os blackberry,Brooks-Smith,consumer,2023-09-15 10:15:00
55b94b6b-d6ea-46b6-a099-c71a26576e66,tablet,os blackberry,Cook-Klein,begin,2023-09-11 17:18:51
ed2da493-b4a2-4294-8d23-5c610d31d524,tablet,iOS,Bentley-Burke,trade,2023-11-05 07:37:46
fb73a6a8-fc68-4796-bdb0-5b9e09231d67,tablet,iOS,Morales LLC,example,2024-08-06 03:22:21
e896fbeb-19e1-4012-93ab-f25dc41f4b67,cellulaire,iOS,Yates-Curtis,win,2023-10-02 15:12:03
e29f764c-9f8b-4835-b28b-cbc56bf21c3e,cellulaire,os blackberry,Martinez Ltd,scientist,2023-11-20 03:18:35
2fb0ef80-a95d-4ca2-b5e4-7b87c4763dd6,cellulaire,os blackberry,Dennis Inc,professor,2023-12-07 18:53:56
21baf6b0-fac7-4fd4-acd1-61e97bcd64c4,smartphone,Android,"Higgins, Bell and Baldwin",open,2024-05-25 18:27:08
09136b0b-b78f-4bf6-96fb-cad095cebb33,cellulaire,Android,"Morris, Sanders and Bishop",plan,2024-07-18 17:31:18
863924c4-a9ff-485a-a9af-23e8b97d9faf,cellulaire,Android,Drake Ltd,girl,2024-04-07 23:46:53
f19163f0-c3e3-48ef-82f1-03fa9ac33b2c,tablet,iOS,Perry-George,exist,2023-12-02 11:31:54
80163105-fc6d-46b2-80ef-d8657e0c4978,cellulaire,iOS,"Mercado, Morrow and Franklin",idea,2024-06-10 17:17:28
87ea1c80-4b3e-462f-b2ab-06db5ad96d6f,smartphone,Android,Garcia LLC,require,2024-06-11 05:58:24
0de213af-0b72-4717-a110-5fe5e0deb7f2,tablet,Android,Robinson LLC,us,2023-09-01 21:28:20
2495fb5c-7b71-4085-b367-3658b02a0ab6,cellulaire,iOS,Johnson PLC,easy,2023-11-27 07:49:40
a3b98b1a-69d9-4bb5-adff-3bb3f34923a0,cellulaire,os blackberry,"Franklin, Bradshaw and Hull",he,2023-10-09 04:30:42
88956a01-6481-4e16-a44e-ee1ac3326de1,tablet,os blackberry,Austin Group,various,2024-03-28 07:56:20
29437d74-36a7-4594-9304-68f29ed7af45,smartphone,os blackberry,Webster-Johns,wind,2023-09-18 17:19:37
6c620fce-90b7-49c1-9106-1f5e2e30cbc1,tablet,Android,"Gonzalez, Lopez and Ruiz",interesting,2023-08-22 04:35:24
c808eebb-c3af-4878-a58a-baaafee72088,tablet,Android,"Jordan, Carter and Payne",deal,2024-05-13 23:40:05
c5ec154c-8e36-45e7-a380-054aa4347aca,smartphone,iOS,Payne-Jones,base,2023-09-28 02:06:12
05fcce2a-4a5b-401b-af71-0e88ad3bf46b,cellulaire,Android,Gonzalez LLC,accept,2023-12-16 06:00:11
9d7e3e53-5629-450d-bf85-28cb80010c81,tablet,Android,Richardson-Baldwin,audience,2023-11-21 02:55:22
4fcb47f9-02fb-4d12-a98f-d16502b44d0f,cellulaire,Android,"Vaughan, Brown and Moore",including,2024-03-04 22:14:54
3c204ad0-afdf-4781-8c06-b6be261426aa,smartphone,iOS,Brown Inc,last,2024-06-09 23:05:27
5a94015e-e880-4c2a-b174-312a1b1ddb9c,cellulaire,iOS,Fritz-Delgado,serious,2024-03-06 14:29:06
11517f68-67ce-4d67-9046-a16e70e2996b,tablet,iOS,Patterson Inc,career,2023-09-09 04:28:59
2494db5e-4349-4ac4-a818-1963604921ae,smartphone,iOS,"Perry, Reyes and Schroeder",nice,2024-05-23 01:19:00
6640b40a-9370-437c-9956-27482a75b854,tablet,os blackberry,Martinez-Garcia,participant,2024-05-06 23:14:42
ef617ef2-3121-4150-96d5-f3ba3133f55d,smartphone,iOS,Smith-Roberson,especially,2024-03-10 20:01:29
fea569e2-f7d4-4352-81e9-65ad9e12d68b,smartphone,Android,Lewis Group,up,2024-01-07 01:14:13
342c02f0-9137-4cab-abf9-26653845db86,tablet,os blackberry,Clayton-Wu,third,2024-06-09 16:16:37
91599132-cb40-4b07-9800-1a5b2518aeb8,tablet,iOS,Flowers-George,my,2024-05-04 11:57:21
d1a3e3a0-d017-4f65-9033-07db9c6be9d4,cellulaire,iOS,Hansen Ltd,suddenly,2023-12-01 03:38:32
60051d85-f178-4fe9-96f3-0bea9d1ecb0e,smartphone,iOS,"Baker, Goodman and Martinez",page,2024-04-20 12:20:06
737610bc-5356-4f9b-82dd-25c23f515395,smartphone,os blackberry,Parks and Sons,possible,2023-08-18 04:51:41
1f394091-d84f-475c-b140-2a8625299b23,smartphone,iOS,Ramsey and Sons,road,2023-11-27 17:04:42
f77ab51a-25d1-472a-ab40-f0c770c42f85,tablet,os blackberry,Simon LLC,must,2024-07-14 20:17:43
343620f2-1712-4c8b-9209-da9d409d1632,cellulaire,iOS,"Knox, Russo and Coffey",fine,2024-01-31 23:04:10
6d99adb1-308a-406e-8644-4c7cd0e8c00c,cellulaire,iOS,"Parker, Warren and Jones",who,2024-06-18 08:59:50
bf44845e-2896-44c9-9c67-6d0d2deb780e,smartphone,iOS,Lee Group,instead,2023-12-24 08:09:35
0d59f1b3-b9b7-42f6-94b4-8c4fc778e728,smartphone,os blackberry,Perez Inc,but,2024-07-19 00:42:35
6b02427c-ec43-4eba-936f-e3fc10a1bd96,cellulaire,iOS,"Ortiz, Kramer and Jones",car,2024-03-30 13:03:16
0fb5784c-147d-430b-a9be-518e871e1337,tablet,iOS,Lopez LLC,dark,2024-01-28 17:42:34
1d369758-4779-4be9-9116-0fca034a89b9,tablet,os blackberry,"Green, Brown and Walsh",maybe,2024-01-26 09:02:22
666a38a1-0fa9-4e9d-b1d5-497567a3a7dc,cellulaire,os blackberry,"Garcia, Huffman and Perez",game,2023-09-16 14:58:23
fbe7c3eb-42a4-4077-983c-72eb8bff2a7b,tablet,os blackberry,Bullock-Santos,manager,2024-07-03 20:47:15
6ee95aef-a758-4ed9-9f92-9c9ec26cfffe,cellulaire,Android,Richards-Taylor,past,2023-09-15 17:43:45
65c26643-bc72-4124-8b96-6c8d8febcc81,tablet,Android,Rasmussen Ltd,near,2024-03-25 12:07:37
e581cb2e-bae7-402a-93a9-373712bacb6e,cellulaire,iOS,Bryant-Macdonald,lose,2024-05-12 22:15:50
8ac13b3e-ea0d-4efc-81a0-c7725e0f33a9,cellulaire,iOS,Graham Group,change,2023-11-01 04:39:55
685478e7-4161-4929-98e8-f3d4bdc40bfa,smartphone,Android,Evans-Hart,by,2024-04-18 00:07:59
7ec3208c-281e-4752-9e1e-912ed3db84c6,smartphone,iOS,Williams-Guerra,ready,2024-01-27 10:56:44
bbff8e62-4f5f-47f9-8199-2c4bf650f8e6,tablet,os blackberry,Baker LLC,over,2024-06-12 16:12:58
4c3ab47d-2917-4740-a12a-34a153632a2a,tablet,iOS,Lee-King,first,2024-06-07 09:40:34
8b9b1d67-a93b-4fc3-b7c8-d3b6cede2375,cellulaire,Android,Proctor PLC,ball,2024-06-13 02:08:16
fe133092-3024-4294-8a2e-b9b6b4d4edaf,cellulaire,os blackberry,"Allen, Young and Briggs",sport,2024-07-14 14:59:06
7d8f4781-71d2-476d-a84a-4d8feba65bbe,tablet,os blackberry,Simmons Ltd,minute,2024-02-08 12:51:56
15f980fb-1b9d-4b4e-8db6-3ac69b6a6090,tablet,iOS,"Howard, Harrington and Long",office,2024-06-19 08:41:11
788a2dfc-3cc0-423d-b15d-51ca3ad8baf1,tablet,Android,"Jackson, Wagner and Weiss",light,2023-11-06 02:12:50
116ec217-2a45-41dd-86b0-ab51f90311af,tablet,os blackberry,Wilson LLC,should,2024-07-07 11:03:32
6f5ede82-4c9b-4446-b455-e7560629966f,tablet,Android,Pittman-Kelly,meeting,2024-06-23 21:26:39
c21cd556-1b66-47bd-8b87-d2e3adbf06dc,tablet,os blackberry,Cross-Davis,human,2024-01-02 14:22:59
4fbdf267-6db3-4f08-9fcf-2a9fd239f269,cellulaire,os blackberry,"Sheppard, Rodriguez and Sharp",commercial,2024-05-12 23:12:40
039a8ec9-35e7-4078-9d57-b41090037c00,tablet,os blackberry,Jones-Garrett,receive,2023-09-26 09:03:33
3e7957b8-a877-4fea-ad97-b5c8e70dbf53,cellulaire,Android,Rowland-Flores,customer,2024-05-09 10:43:02
833d5d73-a26a-4af7-9133-d9e2297977fb,smartphone,iOS,"Martin, Rubio and Williams",spend,2024-06-26 10:23:25
59f4c0bd-d12a-4e1a-8420-7fd9c2ade995,tablet,Android,"Torres, Roberts and Thomas",despite,2024-01-12 07:33:27
f85f35f1-f8eb-4648-936f-58cb91daa9d2,smartphone,Android,Schultz-Santos,indeed,2024-03-30 05:37:34
635c01c5-ada5-4e52-816d-719d8c3924af,cellulaire,iOS,Griffin LLC,design,2024-01-30 04:37:34
e87813bd-2dd7-486f-9058-ab69468386d6,smartphone,Android,Gill and Sons,resource,2024-08-02 06:33:54
c94b0ef0-bfef-427d-8324-084999997155,cellulaire,os blackberry,Mcdaniel and Sons,truth,2023-09-28 05:55:49
cb0e3e8f-be85-402f-98bf-8ea0681ecf28,cellulaire,os blackberry,Reese LLC,large,2024-06-08 07:02:40
9853fc67-406f-4d8a-8337-65d6887dea4d,cellulaire,Android,Peterson LLC,must,2024-04-09 06:51:03
9feed551-d809-4625-a596-42b65cf00a79,cellulaire,iOS,Wilkinson-King,you,2024-02-05 04:15:01
ef251229-e069-4ee6-ad72-26eecaec169c,cellulaire,Android,Griffin Group,modern,2024-01-10 19:20:55
63a78b3e-1708-4a4a-93ab-d4f5efcb0af0,tablet,iOS,Sandoval and Sons,official,2023-08-07 23:41:24
dbfeafa2-a368-456f-97f2-b2b734b4640b,tablet,os blackberry,Craig-Butler,walk,2024-05-19 09:11:55
ec0fd656-0c56-4d3d-9cf9-6dc1e62c19d9,tablet,os blackberry,Long-Moore,else,2024-05-10 09:48:20
1912d1aa-1d71-4fe5-9fed-cca0d53f3aa9,smartphone,Android,Vargas PLC,price,2024-01-25 15:04:57
4faa0aa0-928c-4c19-a048-6c8c0776802c,tablet,iOS,"Brown, Humphrey and Martinez",head,2024-04-08 17:02:54
b982dd46-3c8b-407b-9bcc-a328913d899d,smartphone,iOS,Sutton-Cruz,similar,2023-09-26 13:14:12
0e40524d-4cbb-458d-9d76-1ad8413b6779,smartphone,os blackberry,Carter Ltd,rate,2024-07-17 03:03:55
6c0ff224-e58f-44f9-8888-eed580cfaddf,cellulaire,iOS,"Trevino, Thomas and Todd",foot,2023-09-02 05:14:26
cb656858-50e6-42f3-ab96-fe09f93206fc,smartphone,Android,White-Simmons,address,2024-07-29 05:56:23
7fe13b05-871b-46b8-9e97-6fea19f39274,smartphone,os blackberry,Johnson-Hernandez,according,2024-05-22 09:32:49
4fbc40b5-ce16-4f32-9afc-3fabf74cd45a,smartphone,Android,"Brock, Martin and Gonzalez",trade,2023-10-01 11:40:31
b4b52b05-a9da-4a44-87f1-de0a2a738281,tablet,iOS,Herrera-Brown,group,2024-06-07 12:50:19
6b061019-c6af-4c1c-9c46-988dea5f6e21,tablet,iOS,Woodard-Gross,might,2024-04-14 02:01:47
5d372e92-1f80-4255-888f-3f04a9955607,cellulaire,os blackberry,Simmons-Hall,despite,2023-09-23 14:40:44
a5f76c11-91c3-4d88-a0de-17e20bb12f25,tablet,os blackberry,Aguirre-Taylor,apply,2024-01-21 12:33:31
59caf10b-20f9-466d-bef8-6f6eac4f1ddd,tablet,Android,"Nguyen, Washington and Arnold",design,2024-07-09 10:29:02
ced9b342-525f-4422-b39e-b021d6e2c112,cellulaire,Android,Freeman and Sons,coach,2024-07-11 21:05:30
dd87334c-3f91-4f88-a3c6-47a5e12a1d92,cellulaire,Android,Gardner-David,box,2024-02-13 00:54:04
380f31e4-3deb-474e-9e0b-98524247ffa7,smartphone,os blackberry,Garcia-Martin,challenge,2023-08-27 05:23:09
f4197fa2-4ac3-431c-a441-9a6f6d12aeaf,cellulaire,os blackberry,"Richardson, Chen and Young",forward,2023-08-07 21:02:38
e8de68ec-b416-4566-9cd0-a051a496f48d,tablet,iOS,Miller Ltd,itself,2024-07-19 04:36:47
ad4045bd-4acb-440b-8012-d7979f73e403,smartphone,Android,"White, Foster and Nelson",scientist,2024-05-14 02:11:54
70070bea-c3af-4bd5-b7ab-9cf61b699e4b,smartphone,Android,Wilson Group,me,2024-07-31 10:54:29
6e4a4540-4141-449e-bf3f-6cfe93e2676d,smartphone,iOS,"Smith, Lewis and Giles",food,2023-09-21 20:13:04
db79adde-5592-4d21-842b-ff3271993cfb,tablet,Android,Colon-Carr,eat,2023-12-25 21:18:34
66d13f5d-54d7-495d-8244-0cf7340c8633,cellulaire,Android,Bird-Davis,represent,2023-11-23 22:22:32
4966c194-5633-4a3b-afc5-99b57594db44,tablet,os blackberry,Glover Group,computer,2024-05-06 16:21:10
00630b66-b218-4293-8fb8-d61eb2b663b0,tablet,Android,Grimes Inc,until,2024-01-30 11:32:16
e83c81f9-757b-45b3-a70f-5843437815a2,smartphone,os blackberry,Ramsey PLC,me,2024-07-22 03:40:50
b0b45dab-38cf-4b51-9e06-c150dacc47f2,smartphone,Android,Pearson-Barrett,inside,2024-02-13 08:55:02
42a53078-4b42-44aa-b7ed-3ca806c97b88,smartphone,Android,Burns Group,his,2023-10-16 20:06:44
f838bb17-473b-4af2-88e9-a45dfbee8694,tablet,Android,Hughes Group,scientist,2024-02-04 09:10:11
0c0e27ca-de26-497f-9f92-e559980275d8,cellulaire,iOS,"Reyes, Juarez and Hughes",analysis,2024-04-08 21:59:45
d2304278-17fc-4dd8-b0ba-b9341dd5d1fe,smartphone,iOS,Harrison-Murphy,stop,2024-06-19 06:57:42
f7526c20-9768-4f6e-b205-f7abfb6f49f2,cellulaire,iOS,Gilbert-Tyler,billion,2024-03-08 13:16:30
30e7f016-b018-44a1-b140-260b1e349e05,tablet,iOS,Jones-Flores,upon,2023-08-21 03:14:08
2d6899e0-b406-4779-98f1-b3501d0b1160,tablet,iOS,Sullivan-Bryant,officer,2024-01-01 19:45:36
5fc07f49-6950-4651-9899-d61a5b0dd009,cellulaire,iOS,Wilson PLC,cover,2023-12-22 04:38:30
7a7572dd-6658-49ac-835b-d24c84164e4b,cellulaire,iOS,Bowman Inc,cost,2024-03-25 04:05:33
2e0da5eb-8f1c-4003-95f9-8b43b6c38e5b,cellulaire,os blackberry,"Ford, Jones and Thomas",use,2023-08-10 04:39:16
d92b86d8-817b-4431-bec9-eb15129ea55c,tablet,iOS,"Barrett, Young and Dixon",available,2023-12-05 23:06:21
96f6d07c-bcd3-4ad9-9d2f-859a423aa3e2,cellulaire,Android,Douglas-Barnes,discussion,2023-09-03 08:46:14
7d4b6a31-7459-46bb-8d17-688242b79d7d,cellulaire,os blackberry,"Morrow, Myers and Ramirez",meeting,2024-05-30 17:47:03
ee1063a0-a15c-4674-82a0-fb6cfd23b7ba,tablet,os blackberry,Smith-Barrett,although,2024-07-18 17:06:20
3f4c5bdb-2323-4881-b211-0a8e5e142ddf,cellulaire,Android,Richardson LLC,prepare,2023-11-20 14:16:31
9a9427aa-3ecb-46e0-bbad-7b16e51131b2,tablet,iOS,"Ross, Murray and Cabrera",community,2023-10-14 00:39:56
9bff8dc1-854d-4905-b2ff-c5da73d91e64,tablet,Android,"Spencer, Allen and Pace",able,2024-07-19 05:11:41
c2a773c6-a359-498c-a77d-2fa490d254d0,smartphone,iOS,Fields PLC,none,2024-07-15 09:42:49
47a0402c-6776-4b0b-bc7e-2ea79858a00c,cellulaire,iOS,"Forbes, Green and Anderson",may,2023-11-03 09:19:39
20983c17-cd96-4038-b2b8-f12d9d7364a1,tablet,Android,Clayton-Calderon,and,2023-12-09 18:28:36
b43f2f67-49d7-4ac3-8116-db731f756c88,tablet,Android,"Flores, Coleman and Morgan",house,2024-02-22 08:09:06
7ede46ee-2c06-47ec-90a6-daa5388121ec,tablet,iOS,"Bennett, Beard and Gonzales",upon,2024-01-14 04:48:24
0559f727-ccda-4e2b-9618-dbc3c5964f95,tablet,iOS,Scott Ltd,reveal,2024-08-04 05:08:56
062748f2-83b8-45d0-80d1-7db02ca55d3b,cellulaire,Android,King and Sons,firm,2023-11-21 17:09:40
b9779069-5b00-4a2a-8d27-05b984f02a48,tablet,iOS,"Thomas, Baldwin and Wright",age,2024-03-19 08:09:02
2d0334d7-569f-48c0-bd84-abc29ac443ee,cellulaire,Android,"Cunningham, Moreno and Smith",benefit,2023-12-22 09:26:43
7b0f321d-fd96-4680-bef6-ae2463e4d413,cellulaire,os blackberry,Wade-Boyd,low,2024-01-22 23:43:01
a874d58d-88e5-4437-8fff-d31df64bbc1e,tablet,os blackberry,"Little, Davis and Russell",project,2023-12-31 04:30:42
572c5e42-d508-43f5-86cb-6ef1e1cbc5b0,smartphone,iOS,Holder PLC,pressure,2023-10-12 00:19:36
0a515465-5411-4b3b-b04f-c14232577657,tablet,os blackberry,"Davis, Logan and Allen",perform,2024-07-17 23:58:40
3a03894f-b336-45ad-a0cb-6b707b373186,tablet,Android,"Bray, Santana and Perez",by,2023-11-14 15:50:01
476ac3a5-a90a-49e9-989c-8aa69a60f65a,smartphone,iOS,"Miller, Walker and Ryan",some,2024-05-31 00:39:26
5bc2459a-359a-4c49-9666-b4d1b58d695d,tablet,os blackberry,"Weaver, Haney and Castro",page,2024-02-13 04:29:32
db1f0340-d8b9-4309-bece-f118b9f39e4f,tablet,Android,Wright-Macias,market,2023-12-03 20:13:15
e1d3025c-0950-47bf-8819-830cb0b868c5,smartphone,iOS,Reese-Krueger,Republican,2024-04-25 15:13:28
ea4ed954-a23b-4689-b591-258c7dbb93ca,cellulaire,os blackberry,Garcia PLC,matter,2024-05-17 03:21:17
1830318b-d557-4666-86e1-23390f89eb0b,smartphone,iOS,Turner-Cameron,only,2024-01-10 20:28:56
9b7b84bf-a55d-4174-a3d1-d9f6229faf36,smartphone,os blackberry,"Pena, Flores and Wiley",shoulder,2024-07-09 19:15:07
a8f48b19-9bf7-4ffc-95e7-9e6d8849512b,smartphone,os blackberry,Blake-Cummings,see,2024-05-14 03:39:40
20ca3619-4f5e-4dab-a3d8-931395ff0154,smartphone,os blackberry,Mullins-Brown,hotel,2024-07-30 03:14:10
b37be795-363e-4a1b-aca5-d909285672f9,smartphone,Android,"Walker, Lang and Sims",environment,2024-07-15 18:49:43
4a004faf-f840-494d-a92b-9cbb69d6ee75,tablet,os blackberry,Hanson-Mcgee,east,2024-04-04 22:02:40
eef379d7-aecc-4958-8164-05e6738ffc72,smartphone,os blackberry,"Velazquez, Cross and Lester",the,2024-04-05 01:50:04
71ae52fb-2327-49ac-a740-0d1f444ae4a6,tablet,Android,Anderson-Benson,yeah,2023-11-14 23:56:43
990062fe-2de1-465f-809a-bfc5ce701ce0,tablet,iOS,Cervantes-Lee,even,2024-03-19 09:24:34
3a498bac-c8fe-489b-a468-ebfa4c4beb0e,tablet,os blackberry,"Jensen, Mata and Nelson",many,2024-05-23 07:57:08
bdfaf939-2c59-4f47-9cc7-ac47353bda31,cellulaire,iOS,Nicholson Inc,radio,2023-10-19 16:03:19
d18e20a6-0196-4e9d-8f26-455240ee73de,cellulaire,iOS,Henry Ltd,consumer,2024-01-08 22:57:12
f2fa2874-814c-4e86-bf70-adb3763db722,tablet,os blackberry,Gates PLC,thing,2023-11-09 11:08:14
aed6f248-cc0e-49cb-b4a5-c6ad6fc38e9c,tablet,Android,Patterson Ltd,two,2024-01-30 06:24:09
fc200a8f-71eb-4686-be26-366d0be177e8,tablet,iOS,"Gonzales, Young and Schneider",local,2024-01-14 19:48:36
4697fcc7-eede-4046-8174-b2c30c4edd0b,tablet,os blackberry,Griffin-Brown,letter,2023-09-10 07:59:53
1be56f76-9361-49e6-ba9c-0295a146280b,cellulaire,iOS,"White, Martin and May",scene,2024-01-26 18:17:49
3637bbf5-625d-442e-996f-360be3b0a912,tablet,os blackberry,"Hughes, Wright and Matthews",under,2024-02-24 16:28:27
b2386318-8f70-4389-8e62-eaccb1f2cd17,tablet,iOS,Stewart LLC,today,2024-06-01 05:08:42
12877e26-b3b1-4b7a-9d16-abbaec3306eb,tablet,Android,Mosley Group,modern,2023-12-01 01:34:59
3ac524c0-9486-4d62-8257-5910419b311c,cellulaire,iOS,"Gould, Barber and Hayes",because,2024-03-10 01:13:32
91603724-85af-44d6-8403-5050750522a9,smartphone,Android,"Rojas, Lin and Campbell",challenge,2023-12-07 21:22:24
e2074fdc-a254-4005-bad3-b96a41cbae2e,tablet,os blackberry,Nelson-Tate,suffer,2023-11-17 15:15:37
831ffa7c-3ddb-4523-aa12-28515cd157a3,smartphone,Android,"Brown, Hill and Bradford",run,2024-03-13 09:38:45
5008f8ae-5d09-4b95-9570-d2b34c46bb99,tablet,Android,"Kennedy, Ferguson and Lambert",policy,2024-06-07 04:22:04
90cab125-3434-411f-bd64-8a21d5fe0af5,tablet,iOS,Melendez-Davenport,charge,2023-08-27 15:48:31
1d99ea8b-ef09-49ea-8364-e075bd52651d,tablet,Android,"Bailey, Martin and Chang",everything,2024-01-23 12:56:33
69648df7-35df-45e6-96ad-d50557706d10,cellulaire,iOS,"Reyes, Dunn and Higgins",fine,2024-07-15 00:40:04
07ea5137-16e6-4434-aadd-1518eb92b414,tablet,iOS,Parrish-Reynolds,camera,2023-10-18 13:40:55
87bf7edd-c3ad-4edb-a319-73deca190e58,cellulaire,Android,Perry LLC,network,2023-10-21 04:33:53
c914d844-1f81-490d-8f2e-db4212d689f7,tablet,os blackberry,Mcclain-Ellison,factor,2024-05-16 00:47:12
39ab0756-fb47-4c1e-ba50-0c25558c2cc6,cellulaire,Android,"Cain, Hernandez and Miller",material,2023-09-07 01:12:04
d849fa88-4747-4932-bdfa-cc1028cc2f1b,tablet,os blackberry,Christensen-Mcconnell,serious,2024-01-17 19:12:54
70b11613-f836-4ab1-9060-f65f5655c4b9,smartphone,iOS,Miller-Atkinson,study,2023-12-30 05:38:06
b034cee6-cdd1-49b0-b63a-3e14d16c7c3d,tablet,Android,"Soto, Gross and White",go,2024-04-02 03:55:32
d98af977-3124-486c-a395-bc82def07dd2,smartphone,iOS,Griffin Group,simple,2023-12-27 21:33:10
3be97618-ae53-4c61-8453-838a647b8602,tablet,os blackberry,Small-Olson,activity,2024-04-21 19:40:29
81755014-425c-4575-9589-1ebb81f7807a,tablet,Android,Savage Inc,staff,2024-07-07 08:25:23
467466b9-1778-4a07-bf0c-42c2bb39f940,cellulaire,Android,"Perez, Hansen and Martin",turn,2024-04-06 02:36:20
ad2bbce2-5382-4cd4-acdc-80afb70ca537,tablet,Android,"Williams, Romero and Pineda",most,2023-11-23 00:37:21
bea6ad3b-e4f3-4b64-966c-473b7476f3b8,tablet,os blackberry,"Young, Martin and Mathews",wide,2024-01-16 18:44:35
59961d86-b5e0-42a2-81bd-a3aa5d1fc536,tablet,Android,Ball-Peterson,day,2023-12-06 04:28:39
81ce1102-f4e3-422a-aacf-15e11f8fb1a7,cellulaire,os blackberry,Sutton-Ellison,especially,2024-04-26 02:16:22
7e9ffe37-7fcb-4c0c-9828-879fcdbee20a,cellulaire,os blackberry,"Yates, Roberson and Riley",above,2024-02-02 04:48:47
b8ffb179-9892-452e-8df6-5e8f696b713b,cellulaire,os blackberry,Carter PLC,music,2024-03-14 14:43:40
6bbd2925-509a-4501-8a6a-5d22853a37af,smartphone,os blackberry,Horton-Cruz,window,2024-04-15 20:47:46
b20ef966-242e-40a5-b24e-e5d9963fe886,cellulaire,iOS,James PLC,her,2024-05-20 16:35:32
28ab52f4-c430-4b68-a2e6-17645aef4120,smartphone,iOS,Mitchell-Davis,inside,2024-06-13 10:41:38
06d8307a-3cca-400e-be08-8d50330636e6,tablet,Android,"Jones, Todd and Lee",notice,2023-11-29 11:27:21
62185085-93d7-4855-bacf-b3a6a4391066,cellulaire,Android,Yoder Group,every,2024-01-14 20:53:57
9762f282-d463-4269-9cf0-196e79454961,smartphone,iOS,Williams-Hughes,today,2023-12-04 02:10:16
366b2a67-a9b4-4dd0-b5e3-4f3ca7a5a439,cellulaire,iOS,Ross Ltd,focus,2024-06-19 20:59:15
12b9ea29-1493-4473-92c9-b9ff280c8c53,cellulaire,iOS,Sellers Inc,spend,2024-07-01 17:28:41
efdf86fa-0f17-47da-b181-28f4a9d00b3b,tablet,iOS,"Anderson, White and Perry",fill,2023-11-15 16:33:47
9e7299f6-d6a1-40b0-a1bd-bc58a7ec7ec6,smartphone,Android,Peterson-Davis,itself,2024-04-05 21:33:25
c7b928a6-50d8-415f-bd4c-3353cb431527,tablet,iOS,Smith Group,expect,2023-10-05 16:28:03
12de961a-c6b8-4f41-84fc-16c6ab51f105,cellulaire,os blackberry,Clark-Reid,sign,2024-01-24 16:59:18
271d260a-682e-4cd1-93c4-be1cfcf2c20f,smartphone,iOS,Daniels Inc,house,2023-11-19 22:00:12
245f665b-57f9-4b3f-a2ee-2cdb9aea0a11,cellulaire,Android,Levy Inc,main,2023-10-04 10:37:40
34e3d60e-99fd-40a8-8435-4a8b1adbff69,cellulaire,iOS,"Payne, Cook and Martinez",would,2023-11-11 00:14:27
72d8f514-2e99-4d6c-bb66-fdca6cfa89bf,smartphone,Android,Brooks-Wilkinson,able,2024-01-05 13:30:23
f6659341-634a-4f01-b778-81b6f7ea5705,smartphone,os blackberry,"Short, Melton and Daniel",name,2024-04-07 16:29:52
d40e3853-d078-4dbd-a4ae-ee841da2b0f5,smartphone,Android,"Nelson, Burns and Cohen",apply,2024-08-01 17:34:58
5501f6f6-c2ab-4883-9f95-609d12527326,tablet,os blackberry,Green PLC,compare,2023-12-03 08:29:47
16d0f267-4580-45cf-8489-60f5443b80cf,tablet,os blackberry,Hernandez-Randolph,friend,2023-10-19 15:25:26
587792ae-b185-4219-8da0-3e94b8e6c9e5,tablet,iOS,"Eaton, Johnston and Smith",value,2024-06-06 07:19:00
4093c8b5-9eaf-4b21-8209-babcf46ac32d,tablet,os blackberry,"Wade, Page and Gentry",eight,2024-03-09 22:53:40
8dc2ea8a-93b7-44f6-b28e-11a17a5d8720,cellulaire,Android,Dawson-Johnson,third,2024-02-11 04:55:16
7893062e-2b86-4806-86cb-538723285d48,cellulaire,os blackberry,"Mclaughlin, Aguilar and Moore",law,2023-08-19 00:10:41
75e59519-afa3-4b78-ac99-79136eed641e,smartphone,os blackberry,Davidson-Chambers,pretty,2024-05-11 03:08:55
ee511a42-9de9-4765-a95d-7c68e76e9a37,smartphone,Android,"Ward, Roberson and Hicks",around,2023-09-25 10:24:50
959194b9-71b6-4919-bfaf-6c6f06c09a5e,tablet,os blackberry,Clark-Rose,study,2024-07-27 05:54:22
5c980050-8ece-4e25-8d8a-98a999546df1,tablet,Android,Davis Ltd,season,2024-03-09 20:04:01
0c3cc150-00e1-4d61-85f5-f4586a3e2256,smartphone,Android,Simon Group,save,2023-11-18 18:32:29
fa400a07-5506-4d69-aa5f-9b5358aa26f5,cellulaire,Android,"Cunningham, Duffy and Flores",goal,2024-01-18 15:40:10
86d89f06-abaa-45ea-a065-41dfe9d37286,tablet,os blackberry,"Banks, Wells and Dickerson",really,2024-05-13 16:23:52
839c79c7-a8e1-4456-8cce-79ffb437dff2,smartphone,iOS,Ewing Ltd,candidate,2024-01-25 14:47:24
2f4dc138-bb7f-42f8-ae5c-2e31a913c6a1,smartphone,iOS,"Trevino, Coleman and Diaz",fall,2024-05-21 07:37:25
7e88f81e-39fb-4471-8ff1-7bd9025b7d38,cellulaire,Android,"Carter, Ayala and Graham",arm,2024-01-04 19:46:33
24330117-3722-45d6-a14b-08b0e01cef26,cellulaire,iOS,"Graham, Strickland and Cruz",successful,2024-03-16 13:52:06
a12f6fca-6c53-49d4-8f27-ae5fc62e837a,smartphone,iOS,Good-Hart,amount,2023-10-21 10:00:55
45fbd708-57bd-4769-ab7a-48bb18674b3c,smartphone,Android,Oneill-Fields,offer,2024-06-29 08:34:18
b6dcae16-0039-4fbd-aaf1-dd35d5e74e6a,cellulaire,iOS,Lopez LLC,whatever,2024-06-16 08:17:55
534ae699-bfba-4e75-aab8-1fb8ef821f0b,tablet,Android,Walker Ltd,win,2023-11-14 11:04:50
fdfd3190-e55a-45c7-ae6b-428dc62e10a2,tablet,Android,Smith-Wheeler,thus,2024-03-24 06:45:03
69e79b37-7824-4d98-9f8f-e0b23fcdfe0a,smartphone,iOS,Evans-Allen,maintain,2023-09-19 18:34:03
44fe6bad-debd-402a-8e7c-04cd05d53fe0,tablet,iOS,Huang Ltd,help,2023-09-19 08:14:13
cf5ac8ab-4c00-4ddb-811c-2a7ccb6871cf,cellulaire,os blackberry,"Krause, Matthews and Holmes",stock,2024-04-08 23:24:28
4c985152-971e-46e3-a1f3-d89dc6289bbe,smartphone,os blackberry,Barnes-Martinez,purpose,2024-06-29 00:15:01
420aafa7-e3dd-4193-bf84-eb73a7ef4c0b,tablet,os blackberry,Dalton-Diaz,necessary,2024-03-20 18:47:52
38623655-7506-41ad-bbdd-4c7780d1dc8d,cellulaire,iOS,Sullivan-Dickson,life,2024-01-23 02:26:39
432ec2aa-0c34-4bd4-a500-5d68e7205576,cellulaire,os blackberry,Williams PLC,early,2024-03-26 16:34:24
701658ef-7d28-4302-ae7d-ebd16b1d71f0,smartphone,iOS,Parker-Alvarado,official,2023-10-27 01:19:30
d9612d5a-e65d-4354-96f1-453faa65d93d,tablet,os blackberry,"Garcia, Coleman and Coleman",value,2024-07-26 15:42:15
7e729037-9196-481f-90c9-8fc234fcc929,cellulaire,Android,Larsen-Wright,from,2023-08-08 17:30:22
3b146f38-acbd-41f4-b1a8-28a0a504a4d9,cellulaire,iOS,"Hale, Camacho and Bishop",team,2024-02-04 10:46:25
c23b93ba-dc29-4e79-948d-5555a6c93f60,cellulaire,os blackberry,James-Jones,among,2024-07-03 00:14:01
0b059ddd-e2c8-44b9-bb1f-afd57012ea4a,tablet,Android,Brown-Mason,a,2024-07-30 04:18:53
