transaction_id,customer_id,transaction_type,amount,transaction_date,location,device_id,status,is_fraud
c12ad164-928a-4680-bb3f-3434e176d755,afa883e9-54a9-466a-83ae-bee4b31bf922,receiving,354735.45,2021-08-06 17:16:34,Lake Annashire,0b059ddd-e2c8-44b9-bb1f-afd57012ea4a,pending,False
3a6c38e4-b09b-47b1-808e-baa0f98f89b4,82d37122-843a-47fa-a3c8-e06d2f313d3e,receiving,641413.39,2023-08-24 04:06:29,New Brittany,0b059ddd-e2c8-44b9-bb1f-afd57012ea4a,failed,False
b393ca0d-6b41-41e3-9673-9c75484cb98b,1ebc497d-6940-4e77-8800-20a2b75e7676,receiving,427557.6,2023-06-05 16:05:14,North Wyattside,0b059ddd-e2c8-44b9-bb1f-afd57012ea4a,pending,True
d8ce7a4d-65c2-4ab0-a584-e5c30db54bff,eea3dc27-026e-4ceb-b472-d4c53baa48cf,refund,174567.71,2024-07-07 21:46:26,Jamesstad,0b059ddd-e2c8-44b9-bb1f-afd57012ea4a,success,True
8fc48c44-9e7e-4d36-adb7-28b737cf095d,173a1760-e3c7-47fd-bc27-ff2a49dbd830,purchase,584790.63,2020-12-13 13:16:49,Port Samuel,0b059ddd-e2c8-44b9-bb1f-afd57012ea4a,failed,True
a68b2e0f-2ba3-40d8-8466-c552dc138434,f00cabfd-c424-42e5-a31e-b7b0f7ec1b78,sending,279901.35,2022-12-12 14:21:26,South Erikland,0b059ddd-e2c8-44b9-bb1f-afd57012ea4a,pending,True
de53104d-8d57-45e8-b799-bec9bad7e3c5,7d04f2ef-c4ca-4eb5-b8a1-88e8be43f6d5,sending,431335.92,2024-04-17 18:47:42,New Amy,0b059ddd-e2c8-44b9-bb1f-afd57012ea4a,failed,True
60f591d9-b2a1-4e7d-a99f-e4817b503a26,40e5c1e6-ee2a-4105-8b45-f0232b917e54,transfer,125533.75,2021-08-07 02:56:13,West Michelle,0b059ddd-e2c8-44b9-bb1f-afd57012ea4a,failed,True
6a404ead-249f-42b2-aa4e-ef72e7d1a6fc,ea3341c7-a9b6-44d3-9e4d-161efa8b9c16,purchase,211801.46,2024-06-06 12:01:06,Gonzalezchester,0b059ddd-e2c8-44b9-bb1f-afd57012ea4a,success,True
383ddae5-912c-47da-8926-57750db267c8,df054e90-5401-4136-9da1-39ee1c92faf5,purchase,541319.65,2022-01-05 14:55:52,Rodneyton,0b059ddd-e2c8-44b9-bb1f-afd57012ea4a,failed,True
bf04c74e-1338-4d5e-8b3f-6d032ddf48f9,08da36fe-d7bb-45fc-97af-8e3937a3300a,sending,717664.91,2021-05-19 07:33:34,Jessefort,0b059ddd-e2c8-44b9-bb1f-afd57012ea4a,pending,True
9f621f87-5df9-482f-b224-2953865bcf94,e3378bd1-971a-4436-818a-eccf492c6955,purchase,964503.47,2021-11-03 00:23:32,Flemingchester,0b059ddd-e2c8-44b9-bb1f-afd57012ea4a,pending,True
6dd9c31e-2d82-4eda-9dc4-266cd02ac077,66490d15-dc7b-4b8c-a8df-8cd68bbc426f,receiving,208712.51,2022-11-26 19:21:51,South Sharon,0b059ddd-e2c8-44b9-bb1f-afd57012ea4a,pending,True
55b9183a-8bcd-4db3-959b-33b84d9f4ecd,be0eecdf-fd90-4d0c-aed9-0d53b070de26,receiving,604210.8,2020-11-11 23:23:26,New Evelynmouth,0b059ddd-e2c8-44b9-bb1f-afd57012ea4a,success,False
c2e87ab4-1737-4a03-808e-a5677177db96,5eee92d6-0202-4534-8266-4c6d4976a0c5,purchase,539445.05,2021-04-27 01:39:35,New Kaitlin,0b059ddd-e2c8-44b9-bb1f-afd57012ea4a,failed,False
ae6ae750-f3fb-40fb-9660-afc59a0415e2,1746c844-711f-4156-987f-8c7bdc50781e,transfer,526279.26,2022-12-28 19:16:25,Troyburgh,0b059ddd-e2c8-44b9-bb1f-afd57012ea4a,failed,True
1bcef013-79d2-42bf-b6d4-c3f78df66e17,12e7bba3-3c9f-4409-9e3d-d1fc67cbb15c,sending,139664.24,2022-07-02 16:03:07,Oliviaton,0b059ddd-e2c8-44b9-bb1f-afd57012ea4a,success,False
ffbda1f7-6e30-4a19-8323-253645e51c1b,8bf8a49c-5a62-4d82-83e5-567198f5177d,refund,975132.09,2023-05-27 21:55:41,Port Sarah,0b059ddd-e2c8-44b9-bb1f-afd57012ea4a,failed,False
a18f25ed-42f1-4b22-a70e-bbb2a578e853,a07978bd-3aec-45a3-a827-d44cdea75386,sending,681419.45,2022-04-07 18:37:09,South Elizabeth,0b059ddd-e2c8-44b9-bb1f-afd57012ea4a,success,True
cd9e1197-a9c0-4475-977b-3edeed2236b0,240e43ff-1318-4c3f-8825-038e70f4cbdd,receiving,385424.29,2023-01-09 07:49:52,South Brent,0b059ddd-e2c8-44b9-bb1f-afd57012ea4a,pending,False
f7b25bbf-e655-4e35-8fb8-f9d14adcc01a,a5f6ecdb-4387-4754-8b2f-2d309c2153cc,receiving,198839.73,2021-01-21 16:06:02,Fritzland,0b059ddd-e2c8-44b9-bb1f-afd57012ea4a,pending,True
9a4834e9-9ea6-4aa0-8cb0-a371e1a1ebf3,0e5ab7f0-30ef-46c0-9b1b-fb534e61d61e,sending,4880.84,2021-06-22 16:49:30,New Ashley,0b059ddd-e2c8-44b9-bb1f-afd57012ea4a,failed,True
8c0251d1-69de-4e27-8041-a801e1377143,932b6e18-04d2-439d-94e0-79d24622c174,transfer,617153.38,2024-07-21 03:16:29,Andrewmouth,0b059ddd-e2c8-44b9-bb1f-afd57012ea4a,success,True
1229bf6e-165f-4683-a670-61f8b64b328c,2db75eff-23bf-4ef6-ac6a-719a3eb392d9,sending,830917.11,2021-05-24 21:58:44,Pattersonbury,0b059ddd-e2c8-44b9-bb1f-afd57012ea4a,success,False
de3d1b27-5de8-4f7f-8b3f-5f7a8fe0bb89,67aa1afe-ee80-48b7-8a0b-d59d94b65b48,purchase,744803.2,2023-04-17 21:22:21,Molinachester,0b059ddd-e2c8-44b9-bb1f-afd57012ea4a,pending,True
081dbe73-4a12-4857-badc-936fa146e740,4cff1d28-79bd-43cb-8bc3-de11e5175b01,refund,836698.15,2021-01-08 18:37:55,Port Angela,0b059ddd-e2c8-44b9-bb1f-afd57012ea4a,failed,False
46f7099b-561b-4f25-84e7-26b52b9fa698,469decad-282d-473c-8a0b-4b9d5a7ad81b,sending,226145.59,2020-11-10 19:59:14,Walkerhaven,0b059ddd-e2c8-44b9-bb1f-afd57012ea4a,pending,False
b6d2ce26-4d2d-4b29-b085-440031af35d2,b1cb6753-31f9-446d-b8d8-1963dfa3f1ea,sending,118235.09,2021-06-10 11:46:35,New Susan,0b059ddd-e2c8-44b9-bb1f-afd57012ea4a,success,True
1c78cbde-8ce1-4b83-9070-24e2582d7460,10cc93e1-1b57-44a3-a363-d6ca1ffc7a1e,sending,781511.44,2024-06-03 05:43:08,North Normanbury,0b059ddd-e2c8-44b9-bb1f-afd57012ea4a,pending,True
a4b184df-8e78-4f6d-9f50-c4e50e3d9cfa,2b4a8d18-ff16-4675-841d-068c34aa6d1a,refund,242991.31,2023-01-24 11:50:17,Mckenziehaven,0b059ddd-e2c8-44b9-bb1f-afd57012ea4a,success,False
c6dee212-291d-4c34-b155-371b724ebe4a,fdf8328c-04d4-48d2-af04-f0f50a2df23d,receiving,206751.78,2024-07-23 06:56:35,South Stephanie,0b059ddd-e2c8-44b9-bb1f-afd57012ea4a,success,True
8c7b60f4-71b4-4931-86ab-635fc6db6937,66e52d53-38e6-4b7d-8d69-e0dbd3fc2f73,refund,289877.4,2022-09-19 14:12:16,Valerieberg,0b059ddd-e2c8-44b9-bb1f-afd57012ea4a,success,True
0644aa87-0930-4ee6-84ec-9b4be02a4c21,919c146d-d625-4f7c-bdcf-5a86b945a9cf,receiving,843187.72,2023-02-21 03:46:47,Morrischester,0b059ddd-e2c8-44b9-bb1f-afd57012ea4a,failed,True
7d2ceff6-0e40-4cee-a639-e1e1ec9dbefd,cc804109-8c5c-4b55-931d-d4f718895e45,receiving,404161.15,2023-02-22 11:13:12,Justinfort,0b059ddd-e2c8-44b9-bb1f-afd57012ea4a,pending,False
9072ce0e-e2af-43a6-abf2-5d9dec45d0bf,fbd6e9e1-44cb-4fcf-96d9-22970ab00a4e,purchase,605843.59,2021-10-26 16:27:56,North Jeffreyton,0b059ddd-e2c8-44b9-bb1f-afd57012ea4a,pending,True
7dd23ec0-4023-412f-a919-29546a3c7fba,00e219c0-1adc-4558-af36-62b68503512d,purchase,405487.26,2022-12-27 15:28:04,Wattsland,0b059ddd-e2c8-44b9-bb1f-afd57012ea4a,pending,False
82f950d7-9422-4aea-8570-4bc7cc7522b5,cc4c0f85-d01b-4a81-80e9-3ade2a011bb9,transfer,680023.02,2024-02-20 03:39:22,Ramosstad,0b059ddd-e2c8-44b9-bb1f-afd57012ea4a,failed,True
b2701504-63f7-433a-8352-d2e83a663f6b,6eb17198-7930-4038-9ea7-079ef8953ac1,sending,791188.71,2022-01-09 00:56:34,East Jasonhaven,0b059ddd-e2c8-44b9-bb1f-afd57012ea4a,pending,False
a1ab7c72-406c-4d52-80ee-1bc16c0e4fb5,b862f2c3-8802-4ec9-ade8-3b5907903fe6,transfer,46551.24,2022-10-17 11:02:13,Walkerfurt,0b059ddd-e2c8-44b9-bb1f-afd57012ea4a,success,False
4a9a9a57-581d-4e46-9e60-da9fc2dd0284,eea3dc27-026e-4ceb-b472-d4c53baa48cf,purchase,508105.06,2023-12-04 16:12:02,Lake James,0b059ddd-e2c8-44b9-bb1f-afd57012ea4a,success,False
14c6e213-9dc0-4ab2-bedf-8a0ac850eb3f,6197a7e6-1f58-45a0-88f0-9f5a42b68017,purchase,11330.51,2021-12-17 04:41:57,New Daltonberg,0b059ddd-e2c8-44b9-bb1f-afd57012ea4a,success,False
091ba232-b7a0-4222-8189-77311e449af1,c7b7e8e8-46d5-444b-83c8-ce59e36fb261,refund,631554.81,2023-01-20 15:36:25,Francesburgh,0b059ddd-e2c8-44b9-bb1f-afd57012ea4a,pending,True
ea2e4530-33c3-41b7-96ff-6c88cc44f005,6f0d2009-cb78-4c52-81c5-15659509494d,refund,473068.42,2022-04-03 23:40:15,Port Kristaport,0b059ddd-e2c8-44b9-bb1f-afd57012ea4a,success,True
046c21dd-4c54-4cb9-9747-e11a48446fcb,69b06c63-c675-4381-8334-f2b788f646ab,transfer,344865.43,2020-11-20 19:24:14,Lisaport,0b059ddd-e2c8-44b9-bb1f-afd57012ea4a,success,True
355f82fb-6c50-4d7e-85ef-19ec39aeeb2e,d82bde1e-ad21-45a1-af8f-f05ff48d8faf,transfer,573017.29,2024-01-20 03:47:48,New Michaelstad,0b059ddd-e2c8-44b9-bb1f-afd57012ea4a,success,False
ba41dfef-ee19-4f03-ad4f-ecabe5a3ba01,d5850c74-29c9-44d1-9931-5240ffc3ceaf,receiving,486105.77,2023-03-21 07:24:59,North Bethany,0b059ddd-e2c8-44b9-bb1f-afd57012ea4a,pending,False
21f629e6-889b-4219-abb9-ab10f26c6a65,7fa6eda5-7c06-43ef-83e3-3bf1c9dd5ab2,refund,676899.79,2024-02-01 09:55:55,Daviesberg,0b059ddd-e2c8-44b9-bb1f-afd57012ea4a,failed,False
c441b86d-217f-4a09-9cf1-68b5a8fe8959,8fec2b73-2e88-46f5-811f-378a988a4fda,refund,400510.88,2022-09-04 13:31:29,Paulburgh,0b059ddd-e2c8-44b9-bb1f-afd57012ea4a,failed,True
768fbefa-9c75-48c7-b925-107ed8f3871c,12e7bba3-3c9f-4409-9e3d-d1fc67cbb15c,transfer,361300.14,2022-08-17 04:02:01,Lindseymouth,0b059ddd-e2c8-44b9-bb1f-afd57012ea4a,success,False
bfbb1aa4-2ca5-4cc5-8b7a-de03e75319dd,40d912c4-7c95-4f47-8f95-5effe49de7f5,transfer,247770.72,2023-03-07 00:28:36,Kaufmanhaven,0b059ddd-e2c8-44b9-bb1f-afd57012ea4a,failed,True
6aebc382-cf90-425b-99a2-c7b8a47c67b4,8581622c-6e34-45bf-b10c-1c649e1372dd,purchase,739304.09,2022-04-19 21:50:57,North Daniel,0b059ddd-e2c8-44b9-bb1f-afd57012ea4a,success,True
13be4cb6-df86-44eb-9e56-1c07112b0e04,6197a7e6-1f58-45a0-88f0-9f5a42b68017,receiving,503858.93,2023-06-19 21:07:32,Curtisstad,0b059ddd-e2c8-44b9-bb1f-afd57012ea4a,pending,True
edf14fc0-5b91-4b39-a9c3-9f642de409d3,21d31a57-68ff-4069-9755-0185e416fbf4,purchase,478734.87,2022-04-11 11:24:16,Kingbury,0b059ddd-e2c8-44b9-bb1f-afd57012ea4a,pending,False
a3db388e-c0ab-4c9b-bbaf-1cafb14d81d9,9febf81c-4814-472a-a635-83feb1e5e258,sending,17922.56,2022-07-02 07:03:22,South Kimberlyland,0b059ddd-e2c8-44b9-bb1f-afd57012ea4a,failed,False
24a3a8cc-a33d-4210-847d-50bf29c4254c,30a14e61-45a8-45c2-b12c-fa5bf182ae9d,transfer,699278.84,2023-01-14 00:55:23,Lake Paulfurt,0b059ddd-e2c8-44b9-bb1f-afd57012ea4a,success,True
ed011db5-5e3b-4068-949c-15c08113940d,783cb753-7933-40f3-91c5-5a3caa759781,sending,613288.86,2023-01-13 04:02:30,North Brittanyview,0b059ddd-e2c8-44b9-bb1f-afd57012ea4a,failed,False
7565d3b1-9ce3-4ff4-9cd3-b33d83d17a6e,8581622c-6e34-45bf-b10c-1c649e1372dd,receiving,637002.75,2023-08-21 19:34:39,Lake Shellystad,0b059ddd-e2c8-44b9-bb1f-afd57012ea4a,success,False
16308cb2-7700-45a6-8fb6-02c56a27fe27,774d0898-944f-4bf6-868e-97cc43774151,refund,314544.59,2024-04-19 04:52:13,Brianshire,0b059ddd-e2c8-44b9-bb1f-afd57012ea4a,success,True
2ea75ca1-62e6-450b-a3f3-9132c8a00f88,d348255b-3a4b-4d09-902d-e66cbefef4b9,receiving,227407.86,2023-04-08 16:20:21,New Angela,0b059ddd-e2c8-44b9-bb1f-afd57012ea4a,pending,False
9560f9d0-c606-4f50-81ea-83739e9a8fab,ccc2ea7e-09d2-44a8-998c-e4ed09c01451,sending,453130.52,2021-10-25 04:30:44,South Beth,0b059ddd-e2c8-44b9-bb1f-afd57012ea4a,failed,True
2d73822a-ef9c-4d15-a922-27919157f5c0,c008adbc-f039-49b6-a7b7-8aefcaf25f82,refund,487364.05,2023-10-01 17:21:27,Mollytown,0b059ddd-e2c8-44b9-bb1f-afd57012ea4a,success,False
5e420967-8b2c-4d4f-a92b-a350b3e7e07f,a5d11416-93b5-47f9-a845-e590e8c6e69e,refund,982188.53,2024-03-05 12:08:47,Karenmouth,0b059ddd-e2c8-44b9-bb1f-afd57012ea4a,pending,True
3cea00bb-46a8-4ab3-a6f4-65350e61ffeb,af7c2ce9-7f5d-4670-a263-1c84f9944956,receiving,285018.9,2020-12-07 17:27:28,New Rogertown,0b059ddd-e2c8-44b9-bb1f-afd57012ea4a,success,False
9778fa5e-7b07-4365-aa89-90f1908b535a,8d2871d4-410f-4602-bd52-d43a721c988b,purchase,542647.85,2022-11-04 20:24:12,New Tyrone,0b059ddd-e2c8-44b9-bb1f-afd57012ea4a,success,False
4ab4f99c-3d35-434b-8055-3f30a6493197,5ca63145-6cdb-44c7-a15c-8979673e77b5,transfer,387749.38,2022-11-17 12:11:21,Lake Maria,0b059ddd-e2c8-44b9-bb1f-afd57012ea4a,pending,False
0efc192f-dc6a-4826-86be-084be82d41e0,8e95a60e-acc6-424f-a192-1f3575e06492,refund,50725.7,2021-04-23 11:04:14,Aguilartown,0b059ddd-e2c8-44b9-bb1f-afd57012ea4a,failed,True
2813c766-6bd5-4cf1-8e0e-e086528fee4f,6cb9c31f-14ba-4a92-9030-c87d968d5510,sending,554663.09,2022-01-11 12:45:36,Joechester,0b059ddd-e2c8-44b9-bb1f-afd57012ea4a,success,True
1f17d303-2570-4838-8a4b-ce87d995f644,836dfb38-506b-494f-97be-224c3e0d24f8,refund,222273.86,2022-08-27 04:42:53,New Carolinestad,0b059ddd-e2c8-44b9-bb1f-afd57012ea4a,failed,True
507c62c0-48b5-425b-8b30-d67858c2caaa,f87e71c4-8974-4266-92b0-4f6e18bc7591,sending,728528.9,2021-08-04 04:55:51,Lake William,0b059ddd-e2c8-44b9-bb1f-afd57012ea4a,pending,False
3fd4a331-c573-4757-9ddf-869e5d80dc34,96fdc5d9-88b7-4d94-8507-965e9110d2fe,refund,878657.56,2021-07-16 03:45:30,West Williamburgh,0b059ddd-e2c8-44b9-bb1f-afd57012ea4a,success,False
8c428187-234f-439c-834e-cbb19ee02684,268b6d9a-28db-4855-b7b1-83da90222e4d,refund,377172.73,2024-03-09 21:00:24,Mitchellland,0b059ddd-e2c8-44b9-bb1f-afd57012ea4a,success,True
fef0e3a1-0862-4b00-b826-7ec824abb4a9,16de51df-2275-457f-a666-631e7d4f43be,sending,370334.84,2020-12-09 18:21:01,Port Lauraton,0b059ddd-e2c8-44b9-bb1f-afd57012ea4a,failed,False
f22b149f-ece1-4549-9878-f4401f6f250e,a86a79a4-a8e7-4d4b-9f0f-6621b2bc162c,receiving,129511.86,2022-09-27 15:59:29,Catherineton,0b059ddd-e2c8-44b9-bb1f-afd57012ea4a,failed,True
2930912a-42fa-4c88-a5ed-a59989976843,d91f9b4b-ee1e-4210-8db2-19362c0b4488,transfer,801139.69,2021-11-13 14:38:19,Guerrerostad,0b059ddd-e2c8-44b9-bb1f-afd57012ea4a,pending,False
fb8bcb9e-3d10-4903-bdda-01a18511560a,23fc3169-583c-4105-b141-af29a3833903,sending,353346.17,2022-10-14 03:56:41,Romanstad,0b059ddd-e2c8-44b9-bb1f-afd57012ea4a,success,True
4d79586f-5f0b-4437-a6a1-62301fbcc68e,f3228fa8-6bb7-4d21-a754-bc96104777fe,transfer,513395.8,2023-07-22 20:09:02,Chandlermouth,0b059ddd-e2c8-44b9-bb1f-afd57012ea4a,failed,True
16557221-49a3-422a-bd06-170145d0dfd0,8972487b-d8b1-4d0e-9834-7e8b4901764a,refund,430839.92,2023-02-08 08:13:23,East Saraside,0b059ddd-e2c8-44b9-bb1f-afd57012ea4a,success,False
fea7e403-2ea9-4ccb-8ba4-c880b5668a13,3762ba90-99b5-4220-b568-1a2cd37a75cf,refund,393077.42,2023-05-18 05:00:22,Wisehaven,0b059ddd-e2c8-44b9-bb1f-afd57012ea4a,success,False
e8f0d0dc-dfee-4a02-88e4-cd8651c4da8b,a23d3a12-6870-45ea-aeb9-008f824e811d,receiving,359743.8,2024-07-28 01:53:14,South Jessicastad,0b059ddd-e2c8-44b9-bb1f-afd57012ea4a,pending,False
8561b2d7-e339-4b76-a23a-81f6234bfc54,dcf00cd5-b2f0-42fe-a7d9-1f2f9e0a6625,refund,22337.64,2024-01-10 11:09:12,Roberthaven,0b059ddd-e2c8-44b9-bb1f-afd57012ea4a,failed,False
fd0fe4e2-9962-4bd8-9e88-c3ec5ad88fda,a2c62832-8e19-4ac5-8cf8-496a5bb4a761,purchase,6956.21,2020-12-19 18:37:38,East Edwardberg,0b059ddd-e2c8-44b9-bb1f-afd57012ea4a,success,False
7c8370f1-f668-4078-af73-b2b1478f070f,730ddd33-6978-4763-8098-d1cd6a31a718,receiving,98369.69,2023-09-08 12:44:28,West Kimberly,0b059ddd-e2c8-44b9-bb1f-afd57012ea4a,failed,False
1aae02d0-4d7a-4cde-803e-66f35ace84dd,2db75eff-23bf-4ef6-ac6a-719a3eb392d9,refund,46725.09,2022-10-16 21:45:25,Jessicafort,0b059ddd-e2c8-44b9-bb1f-afd57012ea4a,pending,True
4b670c05-c424-4d25-8245-67ca335e637c,70952d5d-d2d4-4db0-b202-26b7a9419599,refund,138079.91,2024-05-10 05:36:39,Hillton,0b059ddd-e2c8-44b9-bb1f-afd57012ea4a,failed,False
8c88a8f7-ac9e-4c9a-b284-6845979866e7,d4b5da9b-eef8-4d00-b5e7-59cc4ace16ea,receiving,447305.27,2022-03-13 13:19:09,Taylormouth,0b059ddd-e2c8-44b9-bb1f-afd57012ea4a,failed,True
07feb54d-11aa-4a91-b3f9-69cd26a17c41,9948212e-3b3e-4a2e-ab91-ac10e96f1274,receiving,234927.28,2023-04-10 16:02:32,Clarkeburgh,0b059ddd-e2c8-44b9-bb1f-afd57012ea4a,success,False
312c58eb-0d5c-49b4-98b0-6652dae7b7c4,4b92840d-d403-493e-aca7-093650372219,sending,105918.84,2023-06-04 12:53:23,Paulaberg,0b059ddd-e2c8-44b9-bb1f-afd57012ea4a,failed,True
713e8460-f17f-4721-815c-ca75980643f9,5b087340-8b46-47b1-b059-ab82a7a56a8e,refund,975733.82,2020-12-27 19:33:41,West David,0b059ddd-e2c8-44b9-bb1f-afd57012ea4a,pending,True
594924e8-a05b-4b07-951c-da5cff704e9f,d91f9b4b-ee1e-4210-8db2-19362c0b4488,purchase,32492.8,2023-01-09 08:10:25,Shawnshire,0b059ddd-e2c8-44b9-bb1f-afd57012ea4a,success,False
2fe86a1e-340b-4b67-b0c2-5e7035d7827c,d30f10f3-1311-40d8-b983-8c8b0cce900d,receiving,180508.82,2021-06-20 06:56:45,Phillipsburgh,0b059ddd-e2c8-44b9-bb1f-afd57012ea4a,success,True
8f0cdfe2-4890-46be-b5f7-acd398e803b7,4f4657a4-6292-4bc2-8abf-1920f3d6d2e0,sending,460523.01,2024-01-27 16:52:09,Haleyshire,0b059ddd-e2c8-44b9-bb1f-afd57012ea4a,success,True
f4761e5b-0118-4e3e-b033-6ed759e86550,7ec596ea-f30a-4a08-90f3-fd9d94aa7e70,refund,577128.47,2022-10-08 08:42:18,Port Juliaside,0b059ddd-e2c8-44b9-bb1f-afd57012ea4a,pending,True
c1cec7ae-b567-4119-b0de-174dc5742388,e3f6b608-29d1-4b00-b6bd-813aab46f44b,sending,172799.14,2023-05-06 05:39:47,Tracyshire,0b059ddd-e2c8-44b9-bb1f-afd57012ea4a,pending,True
2b73f9fa-f77d-4230-983d-fa40f1c26251,a64b390e-d7ef-4084-b2b1-44eae0401f36,receiving,764960.37,2024-04-27 16:17:45,North Jamesfort,0b059ddd-e2c8-44b9-bb1f-afd57012ea4a,success,True
38bc32ad-f179-4d68-aa05-4743e1afe224,d30f10f3-1311-40d8-b983-8c8b0cce900d,transfer,418923.83,2024-01-21 08:20:12,South Kristyshire,0b059ddd-e2c8-44b9-bb1f-afd57012ea4a,failed,False
128a34d1-ba6e-49a4-a4d0-391797b69a96,1d273abe-2412-4358-8576-777331a2bcef,purchase,26089.26,2020-09-15 18:43:52,Jacobside,0b059ddd-e2c8-44b9-bb1f-afd57012ea4a,pending,False
7dc73ed6-e27b-4937-874f-7e74074eaa43,39485179-86c2-4f93-8e4f-47b2766dab91,receiving,438578.43,2022-01-07 20:01:43,North Jonathanborough,0b059ddd-e2c8-44b9-bb1f-afd57012ea4a,success,False
6c589014-0006-4946-a605-cc676b35444a,d7a8ec78-1d96-4696-a7d8-726172d0e523,sending,348635.61,2021-06-10 18:49:43,Port Sarah,0b059ddd-e2c8-44b9-bb1f-afd57012ea4a,pending,True
8da33268-df1a-4e8d-a59f-4de32e6347bb,40e5c1e6-ee2a-4105-8b45-f0232b917e54,purchase,159679.01,2023-02-27 03:56:24,Brianborough,0b059ddd-e2c8-44b9-bb1f-afd57012ea4a,failed,True
9b9a6ec0-8ef0-482f-87dd-b1876ff74c91,4fc3b059-3e56-4599-90a0-5975fa587d94,receiving,667393.14,2023-01-11 02:39:57,Lake Julie,0b059ddd-e2c8-44b9-bb1f-afd57012ea4a,pending,True
b0683202-8280-41da-909c-cbfeb88882b1,585f74ff-ef6f-4484-a5a0-a785e3863987,purchase,314213.32,2021-07-13 10:32:14,Lopezside,0b059ddd-e2c8-44b9-bb1f-afd57012ea4a,pending,False
18fe2d31-5d78-4bd5-996f-53bb18619cce,6182901b-2878-4651-98f4-af618f262abe,refund,138222.79,2023-12-15 06:57:26,Estradastad,0b059ddd-e2c8-44b9-bb1f-afd57012ea4a,failed,False
af78e4b7-9789-4099-9e81-7c11510bf125,d25cdc05-ce48-4afd-8434-06843a42e100,sending,518819.78,2024-01-25 11:35:49,Lake Kennethhaven,0b059ddd-e2c8-44b9-bb1f-afd57012ea4a,failed,False
bfdb45da-081a-4b3d-8be0-158f23416f35,77e76266-52cd-4c40-b9cf-15ba05b4e957,sending,45786.63,2023-01-13 18:11:50,Wrightville,0b059ddd-e2c8-44b9-bb1f-afd57012ea4a,pending,True
8b49748a-92e5-473b-862a-17df09c1f3a0,5e4a7a7b-84c0-4684-8476-394073946655,purchase,123022.46,2022-01-29 15:50:57,South Ronnietown,0b059ddd-e2c8-44b9-bb1f-afd57012ea4a,success,False
30cdbd4e-6250-4ec5-a8b2-955b09abe470,fc2d8edc-2242-48cb-be63-1718bd949764,receiving,580479.7,2022-11-06 08:28:42,Lesliemouth,0b059ddd-e2c8-44b9-bb1f-afd57012ea4a,failed,False
98e6d904-abdf-44be-a1d9-02e9bf1b94a5,d6a15875-52af-4794-8baa-d56c6d09d7b1,transfer,742856.39,2021-06-25 21:36:01,Port James,0b059ddd-e2c8-44b9-bb1f-afd57012ea4a,failed,True
404eea77-2835-471e-9b5c-9f482271f62c,b6aead59-c94f-492a-9f99-979a9442805e,transfer,19629.79,2022-11-16 20:51:07,North Mary,0b059ddd-e2c8-44b9-bb1f-afd57012ea4a,pending,False
90fa2d0f-76c8-404f-95d7-91136d2f7825,6d1e70f6-6cd8-41a5-bbee-fc9ee23518a5,refund,201568.91,2024-04-06 17:36:12,Mariatown,0b059ddd-e2c8-44b9-bb1f-afd57012ea4a,success,False
0f328a69-848d-462f-ac13-ed9b5ea945eb,e511e99c-1737-435d-9010-310e104f0805,sending,56640.25,2021-09-20 04:13:12,Wrightside,0b059ddd-e2c8-44b9-bb1f-afd57012ea4a,failed,True
b035fbd9-c8fb-4ebf-8e03-ac2b73c3c553,d82bde1e-ad21-45a1-af8f-f05ff48d8faf,receiving,895193.64,2020-12-17 06:49:49,Port Tracychester,0b059ddd-e2c8-44b9-bb1f-afd57012ea4a,success,True
e84f6fe5-4608-4651-9a26-a52c5ed14f79,cd93b64b-6ff2-4f96-8bff-a44f9f2e41a0,purchase,61093.37,2021-05-16 07:36:48,West Jeffrey,0b059ddd-e2c8-44b9-bb1f-afd57012ea4a,failed,False
2b0905b6-8b13-4355-a4aa-fcc937c0bfae,efbf2e5a-6983-430f-a277-0df902e79095,refund,557203.19,2021-09-06 06:48:25,New Brittanybury,0b059ddd-e2c8-44b9-bb1f-afd57012ea4a,failed,False
ab70cc71-2d04-4925-9ea3-4244c51a71ea,03ced9e6-d169-43af-90bb-36fb72a37f3b,refund,98069.5,2021-10-31 15:55:20,Gallegosshire,0b059ddd-e2c8-44b9-bb1f-afd57012ea4a,success,False
3eacaddd-c67a-4c3d-8477-81cee8b98afd,5b087340-8b46-47b1-b059-ab82a7a56a8e,refund,207041.34,2021-10-17 10:25:40,East Christine,0b059ddd-e2c8-44b9-bb1f-afd57012ea4a,pending,True
398276ea-f42f-4a5e-83d6-8139680392bf,1117ab80-15c4-43ab-a427-568f661602cc,receiving,755527.68,2022-12-25 22:41:00,Johnport,0b059ddd-e2c8-44b9-bb1f-afd57012ea4a,failed,False
cd7d7a2a-e2ff-4bad-8efc-7f08854fe11c,4866aa27-adf7-4733-b982-750cd67b4f0f,purchase,113142.24,2021-08-24 21:54:20,North Michaelton,0b059ddd-e2c8-44b9-bb1f-afd57012ea4a,pending,True
6654dc5d-86c7-4668-8a50-63aa4958fac9,68bccf6f-9d1f-491f-9f0b-76e3466404de,sending,108512.84,2023-10-29 04:44:30,Houstonville,0b059ddd-e2c8-44b9-bb1f-afd57012ea4a,success,True
1913e913-116a-4a80-a8d8-e95dba01759e,16de51df-2275-457f-a666-631e7d4f43be,refund,475965.65,2024-04-07 01:00:45,Danielstad,0b059ddd-e2c8-44b9-bb1f-afd57012ea4a,failed,False
d3b2cd90-017a-4f5d-bf97-95a649ea7c49,82d37122-843a-47fa-a3c8-e06d2f313d3e,refund,472308.46,2023-01-07 16:44:06,North Julia,0b059ddd-e2c8-44b9-bb1f-afd57012ea4a,failed,True
41453a54-a9e3-45b4-a75d-d4f7dd5a4c29,c1b84d29-9bf0-474c-9ee4-4008aa8dabdc,refund,139093.54,2023-09-06 22:20:22,West Jeffreybury,0b059ddd-e2c8-44b9-bb1f-afd57012ea4a,success,False
6ba36783-439a-4f5a-8ae9-583ffbae3b18,0b0f9f00-7705-4ff5-bcf6-71d2c18fa699,refund,357021.62,2020-12-15 20:36:56,Velazquezfurt,0b059ddd-e2c8-44b9-bb1f-afd57012ea4a,pending,True
623bd24b-8cd3-46d5-bd08-c0589ca34d9e,d6a15875-52af-4794-8baa-d56c6d09d7b1,purchase,603860.28,2023-08-17 07:47:55,Danielville,0b059ddd-e2c8-44b9-bb1f-afd57012ea4a,failed,True
54d958c8-1d1b-4c9e-9c11-499709f2aeec,815dd6f6-f6ad-4749-99be-6a32b75aaea3,refund,899148.15,2021-12-20 11:23:37,East Jessebury,0b059ddd-e2c8-44b9-bb1f-afd57012ea4a,pending,False
cda6e02b-4095-42f7-84a3-ac8f64932500,0fb97bbe-532a-45ac-93d0-2a8f3726e5f2,transfer,649247.0,2022-10-31 05:23:49,Lake Candice,0b059ddd-e2c8-44b9-bb1f-afd57012ea4a,pending,False
aa55875a-6c55-44ca-99ea-8b8b9601a042,d8f6805b-5555-4642-81b3-dae6953fea7c,purchase,744371.23,2024-06-11 21:26:19,New Karen,0b059ddd-e2c8-44b9-bb1f-afd57012ea4a,success,False
71510d1e-2ebd-4e46-8641-53878c712400,d30f10f3-1311-40d8-b983-8c8b0cce900d,transfer,73360.27,2022-08-09 04:38:48,Leblancmouth,0b059ddd-e2c8-44b9-bb1f-afd57012ea4a,failed,True
a0b6574f-4d0f-4a64-8b91-305ab57a9c0a,fbd6e9e1-44cb-4fcf-96d9-22970ab00a4e,sending,326114.06,2022-02-07 07:23:52,Romanton,0b059ddd-e2c8-44b9-bb1f-afd57012ea4a,failed,True
2ed3a956-54f1-4243-b83c-e71946ab65c6,5b087340-8b46-47b1-b059-ab82a7a56a8e,sending,501948.73,2023-06-20 08:28:54,Morenoberg,0b059ddd-e2c8-44b9-bb1f-afd57012ea4a,success,False
d80cfb20-c2d4-4b0b-80ed-c7451276485a,3d979812-bc8a-4942-99b6-df9daae271fa,receiving,219900.25,2022-02-05 13:15:05,South Joshuabury,0b059ddd-e2c8-44b9-bb1f-afd57012ea4a,success,True
b3017f72-dc90-4535-b084-e861220cdf86,828a743b-a6f0-4a5b-bed7-e72b9959f68f,refund,379079.36,2024-03-11 19:13:47,Kristyview,0b059ddd-e2c8-44b9-bb1f-afd57012ea4a,failed,True
f60c1b3a-2450-4089-ad23-8d22059ff21c,32724a34-3207-48f6-8859-0b591dcf9319,refund,847861.39,2021-12-31 11:44:57,Stephanieborough,0b059ddd-e2c8-44b9-bb1f-afd57012ea4a,pending,False
2ba765c0-b232-4f6d-a41b-96dd450392d6,d7a8ec78-1d96-4696-a7d8-726172d0e523,receiving,520629.31,2020-08-24 02:30:14,Hallborough,0b059ddd-e2c8-44b9-bb1f-afd57012ea4a,success,False
7c2d6546-e262-43d9-9350-af32a41e2ae5,dc0efaab-4ffc-4468-ad8e-8f0f6843d313,transfer,237780.39,2022-03-12 23:14:00,Flemingberg,0b059ddd-e2c8-44b9-bb1f-afd57012ea4a,pending,False
1095b6ef-dbd4-4b51-85dd-9d3081ca756a,dc8280dc-7568-4953-9b6e-4d381d88de0a,receiving,896056.21,2024-07-27 22:24:06,Port Todd,0b059ddd-e2c8-44b9-bb1f-afd57012ea4a,failed,False
855217cd-9b6c-402f-92e6-c3da1b5e0f1c,6c1465e2-cc5f-4633-b4f8-21d2adffe61c,sending,253791.56,2020-12-10 02:13:50,East Brooke,0b059ddd-e2c8-44b9-bb1f-afd57012ea4a,success,True
b64b0d56-951f-4f93-984c-fa8c52b135a2,d42bc201-a16f-4cfb-b2c6-95a9be46b5db,receiving,732557.53,2021-10-07 00:04:16,Pattersonshire,0b059ddd-e2c8-44b9-bb1f-afd57012ea4a,pending,True
2b125a91-4a72-46fa-bae5-e29739b04814,8d2871d4-410f-4602-bd52-d43a721c988b,refund,124726.43,2020-10-16 16:23:49,Amandahaven,0b059ddd-e2c8-44b9-bb1f-afd57012ea4a,success,False
25189d2f-177c-40e9-9d39-877020103de1,8933d9fb-b018-4f8a-a74e-f524883febb1,receiving,184019.63,2022-01-08 00:23:03,Lewisbury,0b059ddd-e2c8-44b9-bb1f-afd57012ea4a,pending,False
4adf1323-3e1d-48c3-abea-515716c552a5,72788a9f-213a-4363-8de4-a42e30defe04,sending,252042.9,2023-09-10 22:11:23,Riddlefurt,0b059ddd-e2c8-44b9-bb1f-afd57012ea4a,pending,True
ef08e584-a731-4546-a754-b77fec555343,f62e98b3-53e6-46d6-b468-e6fdf27c3928,sending,837998.53,2021-07-14 04:56:23,Huffberg,0b059ddd-e2c8-44b9-bb1f-afd57012ea4a,success,False
1e3cb0ef-3353-49e4-8dd1-a62235e0f1b9,4f4657a4-6292-4bc2-8abf-1920f3d6d2e0,receiving,635854.24,2022-03-02 20:31:08,West Amanda,0b059ddd-e2c8-44b9-bb1f-afd57012ea4a,pending,True
8b5434c9-ed95-4336-8c29-8cb7706f5bd9,6185b8da-a3dc-4697-ad11-750161b8c751,sending,204644.19,2021-05-19 14:49:41,Stephanieview,0b059ddd-e2c8-44b9-bb1f-afd57012ea4a,success,False
68c6bdd9-c4c2-4a34-9bb5-1f1dd85d990e,d09fcc69-c233-4d88-b36a-bcdc8ed8a45d,sending,772524.82,2023-02-04 06:05:39,North Julie,0b059ddd-e2c8-44b9-bb1f-afd57012ea4a,success,False
abcdf467-9eeb-47d4-8a93-1dd4065b8c83,55b3c9f8-3833-426a-ae73-17d612e25b99,sending,285094.18,2023-09-13 04:57:23,New Jessica,0b059ddd-e2c8-44b9-bb1f-afd57012ea4a,pending,False
e12b24a3-0bba-4568-ae4b-1c15742636a6,8c261108-50e3-43fe-894d-bcb0ebda94ad,purchase,847411.88,2024-06-02 16:52:22,Vincentchester,0b059ddd-e2c8-44b9-bb1f-afd57012ea4a,failed,False
02739d03-47c7-4a62-aa29-702b22403031,6b93e9df-56fa-4da3-aeed-69fad70c9006,purchase,564966.93,2021-12-25 19:02:17,West Bradley,0b059ddd-e2c8-44b9-bb1f-afd57012ea4a,failed,True
c85c219a-defa-42b6-bb05-37fd8423ee11,7766e524-de77-4ccf-8f45-96df8b317996,purchase,413592.3,2024-06-14 11:29:38,Dickersonfurt,0b059ddd-e2c8-44b9-bb1f-afd57012ea4a,pending,True
73ce5d48-3b2d-4b7e-86eb-49fd94ef7b33,040369e3-a163-4d40-8eaf-8921e9f6ed45,sending,485429.63,2023-09-28 03:28:58,Lake Justinland,0b059ddd-e2c8-44b9-bb1f-afd57012ea4a,failed,True
c5d1657c-a7ce-4c92-8e84-d918a62365bf,4538ac07-dce6-4f7e-827c-fb475d108040,sending,18403.27,2022-07-11 04:29:11,Lake Glenn,0b059ddd-e2c8-44b9-bb1f-afd57012ea4a,failed,False
a68ccb7a-f718-42f2-82d9-40612649eeaa,08da36fe-d7bb-45fc-97af-8e3937a3300a,receiving,888088.99,2021-11-09 04:47:27,Phillipsbury,0b059ddd-e2c8-44b9-bb1f-afd57012ea4a,success,False
ed0dca4f-bc49-4bd0-b476-f4aaeedbbef9,b43c476b-8d35-455f-aa57-e4d66b374682,receiving,678887.46,2021-04-14 00:35:05,Derekstad,0b059ddd-e2c8-44b9-bb1f-afd57012ea4a,success,True
da533eee-26e1-4048-88be-0dae03e3a1e4,c9f42497-de63-40df-9b07-da15d710e200,refund,891989.05,2022-04-08 22:19:17,Woodwardville,0b059ddd-e2c8-44b9-bb1f-afd57012ea4a,success,False
a3a209e5-721a-494c-9ef8-429ad7da2bd8,70e159b2-c9b5-4d04-973a-2844cc61101a,transfer,417407.26,2022-10-02 02:26:18,Martinville,0b059ddd-e2c8-44b9-bb1f-afd57012ea4a,failed,True
65ad4088-9b65-4d7d-abbb-b2547bf2c193,16c756cb-6462-43cc-a55b-59d3e8274dc3,refund,661821.03,2022-12-07 06:41:55,Tranbury,0b059ddd-e2c8-44b9-bb1f-afd57012ea4a,success,True
04183534-e675-4504-9f65-bc79365fac86,c1f4a7f3-ff73-42f2-8552-07fe4dd35220,receiving,73592.3,2021-03-14 00:41:53,Lake Victor,0b059ddd-e2c8-44b9-bb1f-afd57012ea4a,success,True
5a4d3d61-2bcd-49fc-afa8-04a5913f739d,730ddd33-6978-4763-8098-d1cd6a31a718,sending,611677.5,2022-01-17 23:33:11,Wallacefurt,0b059ddd-e2c8-44b9-bb1f-afd57012ea4a,success,True
724a7e9c-4d21-4404-93f3-f20dbd889fae,a2dc68ad-9c65-466a-9f81-61b2924883d4,receiving,787033.99,2022-12-22 19:44:59,Port Robert,0b059ddd-e2c8-44b9-bb1f-afd57012ea4a,failed,True
7a88cbfe-7d74-44ed-9c41-289175ded3c5,1746c844-711f-4156-987f-8c7bdc50781e,sending,491596.78,2024-08-05 13:56:07,Josephmouth,0b059ddd-e2c8-44b9-bb1f-afd57012ea4a,pending,True
32922bc5-29f2-414a-a0a6-a7b663376841,be5b6e2d-4790-4651-a39f-9ca576714c10,sending,763197.2,2023-10-10 21:06:49,Ericmouth,0b059ddd-e2c8-44b9-bb1f-afd57012ea4a,pending,False
b85dae7f-65bc-49f0-813e-88c7e366d326,42b4e643-5795-481d-bac6-6e06db904957,purchase,593241.92,2022-12-12 06:47:49,Port William,0b059ddd-e2c8-44b9-bb1f-afd57012ea4a,pending,True
c81e6155-7c5d-45af-b29f-9e39fd345d22,2e017015-3b06-4bf0-bcc7-04103981584c,receiving,480458.81,2021-08-26 21:25:57,Rebekahville,0b059ddd-e2c8-44b9-bb1f-afd57012ea4a,success,False
68866e13-8773-46fe-be95-d2286ef1578f,5c81aa74-eecd-4f0d-b178-6d45489a7b7f,receiving,783714.15,2024-04-25 22:53:53,Stevenston,0b059ddd-e2c8-44b9-bb1f-afd57012ea4a,failed,True
513c9342-69ca-4a4b-ba6f-1ad3e6296e3d,4452e8c1-06a1-4d51-8fb3-29b3fa800367,purchase,434333.89,2021-12-12 15:43:46,East Julie,0b059ddd-e2c8-44b9-bb1f-afd57012ea4a,success,False
f2a441a8-1007-4fcf-b924-5086e43d86ed,5408d5ba-39d4-4259-80e6-69a78cb831a9,sending,322057.09,2021-06-02 21:29:05,Lake Loganbury,0b059ddd-e2c8-44b9-bb1f-afd57012ea4a,failed,False
529e2e90-1dbc-4ba1-8500-7ca9c2973d85,0fb97bbe-532a-45ac-93d0-2a8f3726e5f2,transfer,952971.47,2022-07-30 09:39:55,Haydentown,0b059ddd-e2c8-44b9-bb1f-afd57012ea4a,pending,False
adb71f81-686b-41f1-b8dd-2ca82c764b9a,805c190e-0738-4690-a311-4e06bef193f8,purchase,223063.6,2021-03-22 10:57:12,Kimberlyborough,0b059ddd-e2c8-44b9-bb1f-afd57012ea4a,pending,True
a6ec0b36-ab3e-4b6d-b752-70b269073f7c,2bf40697-8728-44ef-84c7-98671a540b29,purchase,127627.38,2020-10-31 10:03:44,Davidshire,0b059ddd-e2c8-44b9-bb1f-afd57012ea4a,pending,False
e91cea9b-3ef4-4d75-9ff2-d9347cb7f7ce,4fc3b059-3e56-4599-90a0-5975fa587d94,refund,508595.08,2022-05-28 00:19:02,Rothberg,0b059ddd-e2c8-44b9-bb1f-afd57012ea4a,success,True
ba2267ee-b890-415e-b494-d2eabad79531,0fccd84e-a7cd-4c01-9694-adca3cbd621e,sending,319274.72,2020-10-11 05:57:20,West David,0b059ddd-e2c8-44b9-bb1f-afd57012ea4a,success,False
0127131d-6ca0-4670-8333-55b504f91df6,d4ca4a7b-0a91-4dff-a5b2-0803e9dffa85,sending,913178.18,2020-11-30 09:22:16,New Frederick,0b059ddd-e2c8-44b9-bb1f-afd57012ea4a,success,True
ad158355-cf0b-4173-8a1e-d9e6718ce4af,f3228fa8-6bb7-4d21-a754-bc96104777fe,sending,244856.28,2022-06-25 11:05:13,Denisefort,0b059ddd-e2c8-44b9-bb1f-afd57012ea4a,pending,True
76e34f64-603c-403e-9d14-77c1f8915fb0,2b4a8d18-ff16-4675-841d-068c34aa6d1a,purchase,565316.88,2023-06-28 21:41:21,Huntertown,0b059ddd-e2c8-44b9-bb1f-afd57012ea4a,success,True
edcd9ca0-183b-4f31-95e8-1d749e9192b3,14a134e5-bdf7-48af-8544-50817efebc4b,transfer,490127.45,2023-12-16 18:39:26,Rhodesstad,0b059ddd-e2c8-44b9-bb1f-afd57012ea4a,pending,True
57a64f85-7c2e-4fcf-b808-86f8551dbf5c,95a1fc8b-522f-4353-a278-f76ee8c82302,transfer,933375.3,2023-08-03 09:33:05,Smithland,0b059ddd-e2c8-44b9-bb1f-afd57012ea4a,success,False
dd30c85a-2896-40e3-8431-644ac6e42738,c2dc8c19-2b67-4a15-a95f-f18497d49017,transfer,339715.38,2023-05-06 23:20:01,West Darrell,0b059ddd-e2c8-44b9-bb1f-afd57012ea4a,failed,False
dfd96324-a91d-4e47-9bcf-db2b46faa368,ec7717c4-9912-408d-baaf-8b315accbfb3,refund,20593.93,2023-07-12 04:02:20,Lake Davidfort,0b059ddd-e2c8-44b9-bb1f-afd57012ea4a,pending,True
014fc40e-519d-427d-9ea5-05d0501e8403,cea0ed6b-bb82-4609-bc12-5b24ef3e5807,sending,872059.6,2021-10-24 14:56:25,Garciashire,0b059ddd-e2c8-44b9-bb1f-afd57012ea4a,failed,False
633a742a-6874-46df-b53d-0be343c64e1f,3d979812-bc8a-4942-99b6-df9daae271fa,receiving,581899.01,2022-07-25 07:06:34,Taylorberg,0b059ddd-e2c8-44b9-bb1f-afd57012ea4a,pending,True
857ba453-8b71-49ba-96b1-25cca54d02cc,3cfb84b1-d13e-430d-8289-d0a19510f7e7,purchase,252957.36,2022-09-19 23:56:33,New Chad,0b059ddd-e2c8-44b9-bb1f-afd57012ea4a,pending,True
5cebeaef-c990-4093-952c-60831594615c,15ae380b-85ee-4753-8f94-d357b0f4a092,purchase,960217.51,2022-11-19 08:52:40,Port Nicole,0b059ddd-e2c8-44b9-bb1f-afd57012ea4a,pending,False
490bbf6b-5196-446e-9548-dc8dd3db436a,eec44bf7-34d8-4841-b9e9-dbf64e1a2c81,sending,326400.91,2024-03-06 06:31:30,Port Katherine,0b059ddd-e2c8-44b9-bb1f-afd57012ea4a,failed,True
0c2ebab3-e2c9-402f-8e82-3d2d27febb0e,5fe31bbb-8264-40e0-b05b-1d2293a0985c,refund,497519.95,2020-10-20 09:37:51,Bowenmouth,0b059ddd-e2c8-44b9-bb1f-afd57012ea4a,pending,True
36276f75-e924-4b28-998e-eac007d4c32e,25ddb605-4b7c-44de-8c6c-6125696e7561,transfer,469195.87,2023-10-24 18:23:33,Emilystad,0b059ddd-e2c8-44b9-bb1f-afd57012ea4a,pending,True
58250225-e2ed-4132-adc5-16bdc31cdaef,69c0c055-9e46-46f2-8349-0bd46ed227b8,transfer,320189.02,2022-01-01 18:24:10,Port Patrickfurt,0b059ddd-e2c8-44b9-bb1f-afd57012ea4a,success,True
a9292f08-b2c6-4311-93b2-75f2437b9331,34584be8-39a0-4178-a8ef-cff5f75ce873,sending,811173.06,2022-03-30 17:33:05,Christinahaven,0b059ddd-e2c8-44b9-bb1f-afd57012ea4a,failed,False
7cbc49fa-0fe1-4461-beba-b65cc0f2fb4b,c5778ba0-640f-4094-9866-c31b41fbd4de,sending,257586.15,2021-05-02 12:49:41,East Kimberly,0b059ddd-e2c8-44b9-bb1f-afd57012ea4a,failed,False
f37bbb9b-be03-4970-b160-e39178a5d71f,a64b390e-d7ef-4084-b2b1-44eae0401f36,refund,191016.87,2023-03-30 12:28:22,Wesleyport,0b059ddd-e2c8-44b9-bb1f-afd57012ea4a,pending,True
5ff5196d-6c93-4bc7-b4cf-4031f695dff2,c44c562e-3fe8-4501-983d-22709e3bb0f0,refund,141508.7,2023-12-07 15:45:04,New Katherineton,0b059ddd-e2c8-44b9-bb1f-afd57012ea4a,failed,True
1b26d7f6-5503-4ec0-976c-1e83f4c2a836,90563c2b-f46a-43ff-90e8-2b376b2d8d33,refund,269442.38,2021-03-13 12:09:30,Williambury,0b059ddd-e2c8-44b9-bb1f-afd57012ea4a,success,False
868a98b0-564f-49cd-8432-b8614627ee7d,45a7051b-aef1-4c56-ba37-15d54c3e4acb,refund,823742.89,2021-02-17 22:00:04,Sarabury,0b059ddd-e2c8-44b9-bb1f-afd57012ea4a,success,True
448bb641-e0f3-41c5-a3a5-afd0cbd65bb1,a5f6ecdb-4387-4754-8b2f-2d309c2153cc,receiving,405797.9,2020-12-18 13:47:00,North Rebeccatown,0b059ddd-e2c8-44b9-bb1f-afd57012ea4a,failed,True
aa1ec24f-7f10-469c-afce-7c8e235be543,2d29b3a7-88a3-4d9e-a4ce-1e417e2c71be,refund,479361.24,2022-08-06 19:19:38,Devinfurt,0b059ddd-e2c8-44b9-bb1f-afd57012ea4a,pending,True
87ec27af-628c-47fd-be86-b76cfa8e10d0,dad8a535-f50f-4a83-8b0f-37a7a07b2451,refund,947741.63,2024-05-01 22:49:36,Frenchmouth,0b059ddd-e2c8-44b9-bb1f-afd57012ea4a,pending,True
7715cfe6-f863-4a74-977f-3e69cc9a763b,a23a3ba4-3ac3-4f7d-87fd-60bc6e1aedb8,purchase,381984.11,2020-10-03 18:19:47,New Cheryl,0b059ddd-e2c8-44b9-bb1f-afd57012ea4a,pending,True
f95d481a-4bb3-4834-aad1-e0a17c2180ae,2e232aa2-1315-4b75-a09c-9e1573863ca1,refund,677092.4,2023-09-11 06:25:05,East Thomasborough,0b059ddd-e2c8-44b9-bb1f-afd57012ea4a,pending,True
1df20a69-9318-48f2-b7f5-65f84f49b86e,35bc01d6-b58b-4111-9454-6260209b363f,receiving,271824.81,2021-07-12 21:39:02,Mooreport,0b059ddd-e2c8-44b9-bb1f-afd57012ea4a,success,False
98464fbc-2b59-4ade-9a5c-89cafa7565ca,a5f6ecdb-4387-4754-8b2f-2d309c2153cc,transfer,472020.99,2022-08-26 20:07:07,Johnsonstad,0b059ddd-e2c8-44b9-bb1f-afd57012ea4a,pending,False
52786c27-ed1a-4c1b-89f2-c8473e7fbee5,68bccf6f-9d1f-491f-9f0b-76e3466404de,sending,436663.9,2021-02-10 14:35:11,East Angiemouth,0b059ddd-e2c8-44b9-bb1f-afd57012ea4a,failed,False
d5673082-4075-4fd5-a13d-b880add88685,e9145ee4-82e0-484d-bc31-9ed516200ac6,receiving,971024.58,2021-11-29 06:35:03,Simpsonshire,0b059ddd-e2c8-44b9-bb1f-afd57012ea4a,pending,False
ffa51879-4523-4410-b28b-45a5ef863de7,e534d2cd-7bf2-4898-aeae-20dd469f0714,refund,137875.51,2021-04-08 19:20:50,North Charlesmouth,0b059ddd-e2c8-44b9-bb1f-afd57012ea4a,success,False
8a4f107f-721c-4678-9787-95360c0563c1,7f05c04b-1abf-4da8-ad3e-c7f9e2a0b0a0,purchase,601081.36,2023-08-02 15:37:56,Hawkinsstad,0b059ddd-e2c8-44b9-bb1f-afd57012ea4a,failed,False
00543c34-5b4f-42c9-a5e5-9906839694af,d7a8ec78-1d96-4696-a7d8-726172d0e523,receiving,438868.14,2021-09-25 09:06:54,New Isaiah,0b059ddd-e2c8-44b9-bb1f-afd57012ea4a,pending,False
2c283aaf-71b1-4c66-90a6-206fb0a7385c,e83f8f36-037d-48f2-bc90-1bb1e7f73098,purchase,48316.59,2020-12-14 21:47:52,Hancockshire,0b059ddd-e2c8-44b9-bb1f-afd57012ea4a,success,True
b1356782-0a0c-4ea1-807a-40c12cdbcb2f,c48b6fd7-e1b5-47cb-846d-4371d79e1a3f,purchase,997148.96,2021-04-16 12:54:01,East Michael,0b059ddd-e2c8-44b9-bb1f-afd57012ea4a,failed,False
350a8fea-c12c-45c7-a3cb-128a28e82a20,15ae380b-85ee-4753-8f94-d357b0f4a092,sending,142327.61,2021-02-20 18:44:38,Lake Crystalside,0b059ddd-e2c8-44b9-bb1f-afd57012ea4a,pending,False
cc7ed911-1e3c-4920-809c-f47b5f0328d9,0fb97bbe-532a-45ac-93d0-2a8f3726e5f2,purchase,801766.41,2024-04-09 18:56:56,New Roberttown,0b059ddd-e2c8-44b9-bb1f-afd57012ea4a,pending,True
5fcd8e5e-d512-4fc9-b4bf-644af7b33951,a4e34690-00eb-45fe-9111-c28679ffcdd6,receiving,52168.68,2021-09-08 21:26:05,Perezfurt,0b059ddd-e2c8-44b9-bb1f-afd57012ea4a,success,True
ba63be15-40f1-4046-8a3b-c9e31af9b33a,3cfb84b1-d13e-430d-8289-d0a19510f7e7,transfer,961558.45,2022-12-20 10:28:43,Evansport,0b059ddd-e2c8-44b9-bb1f-afd57012ea4a,pending,False
a38fe528-e330-46cd-b04b-7cd7340ae69f,f00cabfd-c424-42e5-a31e-b7b0f7ec1b78,receiving,464948.25,2024-03-05 05:37:32,Saraview,0b059ddd-e2c8-44b9-bb1f-afd57012ea4a,failed,False
1084b846-fd2e-4866-8256-4d185d1b6453,e416ff4b-548c-4366-9437-52338e37c99e,purchase,265337.06,2020-11-10 15:46:22,Davisshire,0b059ddd-e2c8-44b9-bb1f-afd57012ea4a,pending,True
4bb21105-0a07-48c2-ba63-3f531bb30ea9,9800e362-8bfa-4db7-80f3-057751bac012,purchase,541144.05,2023-08-31 01:28:36,New Matthewside,0b059ddd-e2c8-44b9-bb1f-afd57012ea4a,pending,True
722bd7c6-c3f4-4ade-acd4-1a8fd70a7bbf,82d10b17-47a2-4c61-a756-a885bd964869,transfer,641963.99,2022-12-19 12:49:26,Batesburgh,0b059ddd-e2c8-44b9-bb1f-afd57012ea4a,pending,True
45c3d7bb-55da-4405-9929-f096346e4dd8,9946ef2e-c769-4955-babc-e7703903c4ea,transfer,533216.37,2022-09-01 18:49:19,Cortezfurt,0b059ddd-e2c8-44b9-bb1f-afd57012ea4a,pending,True
5ebd4168-fc35-4060-9a6a-7e38fdc0dffc,0eabe658-2bce-47a9-a2b1-3696f4fd09bf,sending,833737.36,2022-12-15 16:14:40,Johnport,0b059ddd-e2c8-44b9-bb1f-afd57012ea4a,failed,False
53186d8e-bef0-498c-b7cb-d3b5a4cd5cee,61264cb5-6a53-4099-9490-5fc450b96919,transfer,927343.2,2021-04-24 06:21:11,North John,0b059ddd-e2c8-44b9-bb1f-afd57012ea4a,failed,False
e5b68922-ea76-4bbe-bd5c-e6e76c301b66,3c685c74-b92c-463a-8b64-dfac0e01e341,purchase,347444.38,2022-01-03 08:59:49,North Chloeland,0b059ddd-e2c8-44b9-bb1f-afd57012ea4a,failed,False
2df8bc0e-4896-4061-bec5-09b0a5e50200,40e5c1e6-ee2a-4105-8b45-f0232b917e54,purchase,112597.22,2023-10-20 15:44:08,Crystalhaven,0b059ddd-e2c8-44b9-bb1f-afd57012ea4a,failed,False
c578322b-acdd-46cb-91c0-43ffc7a9d37f,019d47d9-775e-4901-82b8-7a35f7bb27f8,purchase,887936.65,2022-07-25 14:35:48,Walshburgh,0b059ddd-e2c8-44b9-bb1f-afd57012ea4a,failed,False
9160490c-9003-4847-8846-58333dbfc4fd,6197a7e6-1f58-45a0-88f0-9f5a42b68017,transfer,538449.36,2024-02-19 13:01:52,Lake Danielle,0b059ddd-e2c8-44b9-bb1f-afd57012ea4a,failed,False
95b10ead-ba01-44fd-bc12-e514dc9ad34a,d7a8ec78-1d96-4696-a7d8-726172d0e523,refund,881756.92,2020-11-02 05:10:05,Port Chadhaven,0b059ddd-e2c8-44b9-bb1f-afd57012ea4a,success,True
1f0c27cd-e0fd-4ae5-96d9-47af16f76750,3cfb84b1-d13e-430d-8289-d0a19510f7e7,receiving,550540.71,2020-09-03 09:42:32,Jessicaview,0b059ddd-e2c8-44b9-bb1f-afd57012ea4a,success,False
1379ee60-7cbc-498d-a632-e5aae5680565,4c9977e8-c48f-48c6-839f-13c72dbbfd5d,purchase,711111.13,2021-06-14 14:55:54,East Ricardo,0b059ddd-e2c8-44b9-bb1f-afd57012ea4a,failed,False
17301837-a5cc-4ead-8206-fa4a1f402058,6197a7e6-1f58-45a0-88f0-9f5a42b68017,refund,412294.86,2022-04-06 17:03:32,Schneidershire,0b059ddd-e2c8-44b9-bb1f-afd57012ea4a,failed,False
a38f4b6c-c285-4cbc-b36a-de51f2f2136a,0ee84def-dd26-4c84-8700-f1c645a10c7c,receiving,821832.51,2022-06-30 02:05:49,Port Annport,0b059ddd-e2c8-44b9-bb1f-afd57012ea4a,success,True
2dd152aa-5443-41aa-ae09-9d129c55cd05,151ae23e-5176-42c3-aef3-23f85542f94d,sending,812985.59,2022-03-21 13:56:57,Deckermouth,0b059ddd-e2c8-44b9-bb1f-afd57012ea4a,success,True
53077f13-2cb9-4e29-98dc-0830a1e0fac4,de6c9787-3b58-490a-81a9-294527143766,sending,476475.07,2024-08-01 05:05:07,Williamsside,0b059ddd-e2c8-44b9-bb1f-afd57012ea4a,pending,False
794b4f74-d0d2-468d-9c6e-5e945117dc9f,ff5a2174-7775-487a-8a68-a9b0d111e229,sending,994723.83,2024-08-04 16:48:43,North Amanda,0b059ddd-e2c8-44b9-bb1f-afd57012ea4a,success,False
d522eeda-1fbd-447b-bc89-f91843094f54,2730f1ca-8987-44b5-8f58-404b72eedc3e,purchase,963128.59,2023-06-05 02:55:43,Lake Lindashire,0b059ddd-e2c8-44b9-bb1f-afd57012ea4a,success,True
5378c203-4438-41b6-a841-4fde9e3f45b9,575686c7-b32a-454e-b9ef-88aea66fca7a,receiving,108107.7,2022-01-08 15:24:22,Cherylburgh,0b059ddd-e2c8-44b9-bb1f-afd57012ea4a,success,False
af9e0e8a-82d3-4543-aa37-0b2a70630d06,09e85f6f-80d3-4b06-9f6d-ebaad23253c4,transfer,391446.96,2022-02-20 07:39:59,Richardsonmouth,0b059ddd-e2c8-44b9-bb1f-afd57012ea4a,pending,False
d5424191-d4f6-4d4e-a271-f0ee06161645,d5850c74-29c9-44d1-9931-5240ffc3ceaf,refund,573952.12,2022-05-15 04:50:30,Romerochester,0b059ddd-e2c8-44b9-bb1f-afd57012ea4a,failed,True
11e1ce08-067f-451a-bf9a-a28ed843ac7a,6f0d2009-cb78-4c52-81c5-15659509494d,sending,296916.86,2024-03-29 11:25:27,New Nathan,0b059ddd-e2c8-44b9-bb1f-afd57012ea4a,pending,False
d3daa370-6d8c-44e3-86b2-58b3dbce84c5,e511e99c-1737-435d-9010-310e104f0805,transfer,430002.96,2024-05-20 05:50:04,Johnsontown,0b059ddd-e2c8-44b9-bb1f-afd57012ea4a,failed,True
68b3eaab-5193-419c-b60e-ceda6c5c5983,caee4a6f-2b5e-4223-a55b-04f45ad10698,refund,781847.3,2022-05-18 21:40:25,Anthonyfurt,0b059ddd-e2c8-44b9-bb1f-afd57012ea4a,failed,True
d5d43c0e-fc21-4317-aa7c-8b7471e8ac9f,b7db9760-1be6-40f4-84c5-40f09839c72f,purchase,475519.18,2023-03-01 04:54:58,Wilsonbury,0b059ddd-e2c8-44b9-bb1f-afd57012ea4a,failed,False
1d92abd1-4deb-422f-9109-538a1c888bd7,73421c23-0435-4ca7-9069-62f47536b2d2,receiving,827763.39,2022-03-26 05:57:57,Port Jeffrey,0b059ddd-e2c8-44b9-bb1f-afd57012ea4a,pending,False
50098405-ec59-4848-a09c-9b316ecb2b72,40f317e7-5536-4253-8fd6-1cf347eacf77,receiving,438254.79,2022-01-23 10:59:42,New Jessicaborough,0b059ddd-e2c8-44b9-bb1f-afd57012ea4a,failed,True
bb82ec7e-f23c-4de9-b630-42029a76fcc7,5ad36170-c127-4712-b5da-d7dbb7ce37ae,sending,677336.49,2020-10-20 06:08:53,Port Tiffanyside,0b059ddd-e2c8-44b9-bb1f-afd57012ea4a,failed,True
cede2d02-0a62-44ba-8fb0-d399c86f5dc4,1d273abe-2412-4358-8576-777331a2bcef,sending,6348.18,2021-05-19 07:06:38,Tracyfort,0b059ddd-e2c8-44b9-bb1f-afd57012ea4a,success,False
5b77d7dc-e607-4ce9-80e5-23dcb0c87626,f791ff2d-2914-4619-919b-a9efcc988347,sending,932272.85,2021-07-14 11:04:31,Port Ashley,0b059ddd-e2c8-44b9-bb1f-afd57012ea4a,pending,False
8e802076-0c74-45bd-9f5e-43baa97dfda6,1ab1a496-a8a2-427c-b5a9-4b985fa34d07,purchase,930834.77,2024-07-27 00:55:58,West Kelly,0b059ddd-e2c8-44b9-bb1f-afd57012ea4a,pending,True
7991a4d9-dbb1-4441-b8ac-291db2f687ca,a3c61a4b-683d-49af-a2f2-02c724074ee6,sending,561491.68,2023-04-13 21:08:24,Jamesville,0b059ddd-e2c8-44b9-bb1f-afd57012ea4a,success,True
da321d2f-d407-43e8-9362-0b229d2f0e54,ea3341c7-a9b6-44d3-9e4d-161efa8b9c16,receiving,12936.36,2024-04-04 18:45:39,Port Diane,0b059ddd-e2c8-44b9-bb1f-afd57012ea4a,pending,True
50e3df09-0d2a-4017-932b-d46eeb7a75ac,62d3850b-5929-40e3-ae76-b155149dfeb1,transfer,397405.17,2023-12-15 09:18:40,Tamimouth,0b059ddd-e2c8-44b9-bb1f-afd57012ea4a,success,True
c72ce106-8ae7-4b39-a1e2-0304d5b44558,64c8d5af-7ab7-4d7a-a5cb-1cd4bf41dd0a,refund,105620.22,2022-05-05 13:58:24,East Kevin,0b059ddd-e2c8-44b9-bb1f-afd57012ea4a,pending,True
25006cc7-1322-47b3-887e-fdba8aaf60ff,10cc93e1-1b57-44a3-a363-d6ca1ffc7a1e,sending,86759.72,2022-05-04 12:47:26,Nathanmouth,0b059ddd-e2c8-44b9-bb1f-afd57012ea4a,pending,False
f03f99ad-1b39-4521-bd2b-f2723fa08e4d,9946ef2e-c769-4955-babc-e7703903c4ea,purchase,77535.13,2023-10-21 21:28:51,Lake Philip,0b059ddd-e2c8-44b9-bb1f-afd57012ea4a,success,True
b4ac740c-61be-4973-a8d5-1ffede33e3dd,cc854242-5a78-44a0-910c-1d318083056a,receiving,805245.74,2022-09-17 13:07:57,Valdezbury,0b059ddd-e2c8-44b9-bb1f-afd57012ea4a,failed,False
36af93c7-cfa4-43fe-be87-a67ee0b8674d,7bf140da-e9a2-499c-b870-9051b6ddb547,sending,463010.47,2022-09-21 20:38:46,East Jon,0b059ddd-e2c8-44b9-bb1f-afd57012ea4a,success,True
7d497d16-894e-4ef2-b8d4-3d026378c781,d8f6805b-5555-4642-81b3-dae6953fea7c,refund,770204.94,2022-12-06 02:51:32,Lake Martha,0b059ddd-e2c8-44b9-bb1f-afd57012ea4a,pending,True
328edbc8-f8fb-4785-a12e-273cd87a2b36,255bce73-e064-4b96-bd76-712eeb53b734,transfer,753807.44,2022-02-08 20:41:06,East Mark,0b059ddd-e2c8-44b9-bb1f-afd57012ea4a,success,True
de0199e5-8d31-4c9d-8677-582564b8af14,01b39475-4b86-4719-8b57-715eef99c396,refund,592015.55,2024-07-15 23:28:10,Johnsonmouth,0b059ddd-e2c8-44b9-bb1f-afd57012ea4a,failed,True
1d0465b6-2fd3-4cc7-b5f2-c4bc15a79fd0,2e232aa2-1315-4b75-a09c-9e1573863ca1,sending,117682.58,2024-03-16 16:10:03,Baileystad,0b059ddd-e2c8-44b9-bb1f-afd57012ea4a,success,True
55ce000a-ff32-4a21-8d18-e5f6436ed19f,8bf8a49c-5a62-4d82-83e5-567198f5177d,receiving,222763.57,2024-04-23 02:22:19,Port Rebeccastad,0b059ddd-e2c8-44b9-bb1f-afd57012ea4a,success,False
815ec778-f801-41e9-99d6-1c9f098d51da,347dff04-bfaa-4441-8a98-b0cfeafb9062,sending,508028.82,2023-07-11 13:01:03,Delacruzton,0b059ddd-e2c8-44b9-bb1f-afd57012ea4a,failed,True
24553892-0cac-4b3b-bfcd-0c39f460e04b,0e7c603b-d5a7-4bbf-bffe-e528ba29dee5,sending,627422.44,2022-09-16 02:55:28,Morrishaven,0b059ddd-e2c8-44b9-bb1f-afd57012ea4a,failed,False
b591f224-1d44-499f-88c4-0bd200fa54c7,6a57d210-8f89-486c-ac27-abb289bfe48f,purchase,192549.23,2023-06-27 22:42:54,Maryfurt,0b059ddd-e2c8-44b9-bb1f-afd57012ea4a,success,False
6e73e6ea-9d39-48fc-b824-bdc79dcf8997,2e017015-3b06-4bf0-bcc7-04103981584c,sending,283940.02,2021-09-04 18:40:57,Jessicahaven,0b059ddd-e2c8-44b9-bb1f-afd57012ea4a,failed,False
3dd9acb9-4f36-45c5-a1e6-b2e17960a68e,566a5059-98f2-40a7-8905-751901e9c589,refund,891610.12,2020-10-13 11:59:44,North Marcusmouth,0b059ddd-e2c8-44b9-bb1f-afd57012ea4a,failed,False
7d3bef8c-adef-4ed7-88f5-fd422d1d0c45,cadd3105-f686-44fe-942b-87396f58a62e,transfer,111288.52,2023-03-24 05:02:48,New Lindsey,0b059ddd-e2c8-44b9-bb1f-afd57012ea4a,success,True
51a08915-a785-4b75-9166-2f15b62944e5,2c3e3f7c-409d-477c-805c-bfbbf7998bc2,sending,84745.24,2023-10-20 04:14:31,New Roybury,0b059ddd-e2c8-44b9-bb1f-afd57012ea4a,pending,True
98048a93-788d-4f12-b604-e6d8c6ad4d72,a86a79a4-a8e7-4d4b-9f0f-6621b2bc162c,purchase,671007.15,2020-10-31 19:33:05,Paulview,0b059ddd-e2c8-44b9-bb1f-afd57012ea4a,failed,False
5c2b4787-2c83-4462-949f-cf221a0de69c,fc2d8edc-2242-48cb-be63-1718bd949764,receiving,695935.07,2022-12-01 13:25:14,Port Stephanie,0b059ddd-e2c8-44b9-bb1f-afd57012ea4a,success,True
22539473-c37e-43a5-a8ff-11b1c8813e48,dcf00cd5-b2f0-42fe-a7d9-1f2f9e0a6625,receiving,314756.81,2024-02-28 16:39:11,New Stephanieland,0b059ddd-e2c8-44b9-bb1f-afd57012ea4a,pending,True
76259b71-e6e3-4129-b2e6-ef53f269fd87,b857a3d4-d398-421c-9f94-d4bc2dc47f61,sending,987501.96,2024-02-25 13:31:19,West Kaitlinbury,0b059ddd-e2c8-44b9-bb1f-afd57012ea4a,failed,False
5f8a02b1-137d-4341-bb1a-cb5a90613e7d,efbf2e5a-6983-430f-a277-0df902e79095,transfer,937106.67,2022-02-15 13:38:00,Watsonport,0b059ddd-e2c8-44b9-bb1f-afd57012ea4a,pending,True
c032e2c6-9c07-4aca-9bb3-b4c361ffe8f7,82d37122-843a-47fa-a3c8-e06d2f313d3e,transfer,127771.18,2022-03-18 01:52:56,Lake Victoria,0b059ddd-e2c8-44b9-bb1f-afd57012ea4a,pending,False
b511fa98-b9a0-47ef-8cc5-11b4322370ef,1ab1a496-a8a2-427c-b5a9-4b985fa34d07,refund,454429.34,2023-11-01 00:39:45,Amandaland,0b059ddd-e2c8-44b9-bb1f-afd57012ea4a,pending,True
36d52c7b-13ae-48bd-ab54-c8e8dcbe82bd,d81a530f-5572-46d4-814a-8936ada726b9,sending,20897.16,2024-01-26 08:50:39,Orozcostad,0b059ddd-e2c8-44b9-bb1f-afd57012ea4a,pending,True
06f67f02-0573-4e2d-8c32-57faacfd98bb,dc0efaab-4ffc-4468-ad8e-8f0f6843d313,receiving,143347.25,2021-12-13 20:23:28,Lake Jenny,0b059ddd-e2c8-44b9-bb1f-afd57012ea4a,success,False
63b0585f-52fd-488b-b501-4bd6a71bcef2,4c5a0019-ad5c-4beb-a253-156c2234f40c,purchase,464046.9,2021-10-29 19:04:01,Marshallstad,0b059ddd-e2c8-44b9-bb1f-afd57012ea4a,pending,True
6e883b2f-2be3-462e-884d-4cebd8f8486b,31b62717-58c0-4d0a-84b6-ddb9059f8725,receiving,947212.95,2021-10-28 03:50:29,South Robertville,0b059ddd-e2c8-44b9-bb1f-afd57012ea4a,failed,True
b19a71d6-ccab-47bc-bd0f-c8bf042d6f50,cd068641-a21b-4909-a924-7a98a3a60116,sending,678227.74,2020-10-17 16:12:24,Johnbury,0b059ddd-e2c8-44b9-bb1f-afd57012ea4a,failed,True
1cf09df4-d30c-4c98-a771-a2946aee2291,6ec18168-aca4-4359-966b-f9905bf19f0c,sending,669452.07,2021-03-19 18:00:04,Port Joseville,0b059ddd-e2c8-44b9-bb1f-afd57012ea4a,failed,True
159eefc1-856d-40a1-9fa8-674ff359722a,f791ff2d-2914-4619-919b-a9efcc988347,transfer,402534.85,2021-06-26 03:14:40,Ashleyside,0b059ddd-e2c8-44b9-bb1f-afd57012ea4a,failed,False
2d75e496-658d-46ff-90ac-8aa5cedba9e0,b7db9760-1be6-40f4-84c5-40f09839c72f,purchase,124440.24,2023-01-13 02:15:46,Marcusstad,0b059ddd-e2c8-44b9-bb1f-afd57012ea4a,success,False
828dce92-80de-41f4-9a8b-47b4a3d18d3f,4c5a0019-ad5c-4beb-a253-156c2234f40c,transfer,102375.99,2023-01-07 23:15:27,Johnsonland,0b059ddd-e2c8-44b9-bb1f-afd57012ea4a,pending,True
e9420eea-a327-444b-b367-018c83ace0c3,8d2871d4-410f-4602-bd52-d43a721c988b,transfer,13499.46,2022-01-28 21:01:33,Rogersside,0b059ddd-e2c8-44b9-bb1f-afd57012ea4a,failed,False
02e773bd-1c04-44f2-be09-b13d26e2a81f,3015ace1-cc82-4884-8027-e1bab5c7a3b0,receiving,392413.62,2024-07-23 17:50:56,Rodneytown,0b059ddd-e2c8-44b9-bb1f-afd57012ea4a,pending,False
3ade29cf-97f9-4486-a334-7717b0b65751,347dff04-bfaa-4441-8a98-b0cfeafb9062,sending,908292.49,2021-04-05 07:42:54,East Cindymouth,0b059ddd-e2c8-44b9-bb1f-afd57012ea4a,pending,True
644d82f3-07a7-4c16-99a2-a1bcbae444ef,70e159b2-c9b5-4d04-973a-2844cc61101a,transfer,718502.81,2020-09-10 07:43:07,New Wendy,0b059ddd-e2c8-44b9-bb1f-afd57012ea4a,success,False
0fa722a4-9b1e-4ab5-b91a-f579ba402003,a1d7afe1-913a-486c-814a-27687e91e196,transfer,991544.46,2024-05-25 13:37:02,North Keith,0b059ddd-e2c8-44b9-bb1f-afd57012ea4a,failed,True
e0669ca3-057a-41ab-b858-9abb54a5902b,5fe31bbb-8264-40e0-b05b-1d2293a0985c,transfer,292318.42,2021-07-23 19:56:11,South Tammyfort,0b059ddd-e2c8-44b9-bb1f-afd57012ea4a,failed,True
049df48f-99fa-48c8-9922-6baf9c3356eb,472aa779-8b18-463a-abee-e165eec572e7,purchase,456391.96,2022-06-24 10:31:37,Meganshire,0b059ddd-e2c8-44b9-bb1f-afd57012ea4a,pending,False
598686d9-712a-42a4-92bc-307416cc92df,ec6818df-473d-41d8-ba03-1711b66287e5,receiving,91854.25,2023-02-16 09:44:50,Youngtown,0b059ddd-e2c8-44b9-bb1f-afd57012ea4a,failed,True
a83a3b32-ddfd-4245-af1f-05ebf9de9454,7aa2cb8d-4a7f-40f7-919c-7ca029dd3649,refund,589225.03,2022-09-17 12:08:38,Julieshire,0b059ddd-e2c8-44b9-bb1f-afd57012ea4a,pending,False
1c262bcb-c8f7-4a2a-98ba-c666e993beb6,d0d4704c-63b1-47e9-a4c7-dfc2b31fa41b,purchase,147373.01,2022-10-04 01:01:51,Schultztown,0b059ddd-e2c8-44b9-bb1f-afd57012ea4a,failed,True
6f4f847b-fb2f-44de-a712-5d82adfd119b,21af142c-68a8-42bf-8a14-6479e9dd2a0f,sending,479731.08,2022-11-10 20:45:33,Sethmouth,0b059ddd-e2c8-44b9-bb1f-afd57012ea4a,success,False
8d202030-6616-402c-81d5-65f32863c3ec,0da46e21-58e4-4d68-af90-bffaac76ae65,transfer,882334.1,2023-06-04 20:36:00,Lake Feliciabury,0b059ddd-e2c8-44b9-bb1f-afd57012ea4a,pending,True
9be17ca6-c7ec-4150-bb43-94f6438a2e18,23fc3169-583c-4105-b141-af29a3833903,sending,410003.07,2021-07-01 16:07:27,Sawyershire,0b059ddd-e2c8-44b9-bb1f-afd57012ea4a,pending,True
b5037e6c-ec3a-4b69-8efc-3a6980e87edc,c6554fd5-a246-48e4-9dc2-d420ae17db36,receiving,841168.53,2023-01-09 08:17:24,Carriefort,0b059ddd-e2c8-44b9-bb1f-afd57012ea4a,success,True
ec2ab361-3d03-46a8-a4a1-f86c98aafbf4,dbb0d426-966d-4fe7-814a-55b1677c9daf,sending,571564.99,2023-11-15 23:32:10,Roymouth,0b059ddd-e2c8-44b9-bb1f-afd57012ea4a,pending,True
4dc64e22-6217-4606-96e8-366856493310,c5efef76-12dc-4fe5-a103-92acf4cc2c5d,purchase,70888.06,2022-10-19 10:07:05,Lake Victoriaton,0b059ddd-e2c8-44b9-bb1f-afd57012ea4a,failed,False
89013f4d-5209-475c-8ef0-963dd292e008,9800e362-8bfa-4db7-80f3-057751bac012,receiving,433705.27,2022-11-25 08:40:21,New Tracy,0b059ddd-e2c8-44b9-bb1f-afd57012ea4a,failed,False
6c92f097-bb97-4c5c-8ed1-244e0510d148,69b06c63-c675-4381-8334-f2b788f646ab,refund,113024.1,2020-11-08 21:07:57,Lake Nathanville,0b059ddd-e2c8-44b9-bb1f-afd57012ea4a,success,True
69542c68-4698-43d2-9bad-8bdeaf232b9f,4c5a0019-ad5c-4beb-a253-156c2234f40c,transfer,784598.79,2020-10-09 22:40:05,North Donnahaven,0b059ddd-e2c8-44b9-bb1f-afd57012ea4a,failed,True
8b54f74e-31fb-4861-a19b-3c69fc6437b7,8581622c-6e34-45bf-b10c-1c649e1372dd,refund,171696.32,2022-09-15 10:30:15,Matthewburgh,0b059ddd-e2c8-44b9-bb1f-afd57012ea4a,pending,True
7012bd89-b741-4eb7-b91e-9a720ce4818f,95dd1966-cf36-4392-b8dd-f16bf1a89337,transfer,517521.65,2023-07-24 11:21:05,Christopherfurt,0b059ddd-e2c8-44b9-bb1f-afd57012ea4a,success,False
2efab354-08ce-4fe6-9082-2e2fd0bd5797,6f56547b-11c1-4a02-8e4a-12741002c073,refund,311915.43,2023-07-05 23:07:26,Port Sandraville,0b059ddd-e2c8-44b9-bb1f-afd57012ea4a,failed,True
0ba3b713-2218-486d-b2eb-d3f5e8a5018c,798e1dc8-00a5-412b-a8ee-68548737b330,purchase,445360.84,2023-11-06 18:20:43,Markfurt,0b059ddd-e2c8-44b9-bb1f-afd57012ea4a,failed,False
56b577b7-1038-4487-ab68-d1f95e262b1a,95dd1966-cf36-4392-b8dd-f16bf1a89337,purchase,197577.38,2022-05-18 00:47:39,Zacharyborough,0b059ddd-e2c8-44b9-bb1f-afd57012ea4a,pending,False
b8437d85-14f6-40ee-9ffe-9833787fbe9e,02d44e4c-ee4e-4736-9103-c1e81b28977b,purchase,983326.34,2020-08-15 15:56:25,North Cynthia,0b059ddd-e2c8-44b9-bb1f-afd57012ea4a,pending,True
8c924114-a8c0-44a3-bf52-e28f33abdd51,f147f10e-1b53-4137-9ac3-ccc0d96ee261,purchase,812549.76,2023-04-06 09:21:32,Hodgesside,0b059ddd-e2c8-44b9-bb1f-afd57012ea4a,failed,False
1eff1bfb-a805-48f9-b38d-8f266b55b521,32724a34-3207-48f6-8859-0b591dcf9319,purchase,972631.85,2023-08-22 13:31:55,North Crystal,0b059ddd-e2c8-44b9-bb1f-afd57012ea4a,pending,False
c799cd07-9652-40a1-a250-b340604d2060,e200f23c-d3a4-43ec-99b5-5d9ed198db59,receiving,879864.52,2024-05-27 15:02:11,Port John,0b059ddd-e2c8-44b9-bb1f-afd57012ea4a,pending,False
4398c630-65c5-4454-9046-00d7906cc535,459ea46a-9b8c-483c-8eb5-da59b978bd8f,transfer,792382.52,2022-12-08 03:10:54,Port Samuel,0b059ddd-e2c8-44b9-bb1f-afd57012ea4a,failed,False
ba6b3c80-5d01-4293-8d19-cc741ce5de9d,a2172475-9ec6-4237-a155-393274987c6d,transfer,316807.1,2022-02-06 18:35:55,North Margaretland,0b059ddd-e2c8-44b9-bb1f-afd57012ea4a,failed,True
691c4478-3a91-4aab-a635-2a073008d2b7,9966914d-509e-4913-af32-413ae1d56c0d,transfer,668696.63,2024-03-08 05:29:23,Turnerton,0b059ddd-e2c8-44b9-bb1f-afd57012ea4a,failed,False
f45dd0d0-8db0-4234-b752-bfb17add6bfc,689f1352-d0ba-4626-80c4-e2c922682ec9,refund,240725.89,2023-01-16 21:29:17,Lake Anthonyland,0b059ddd-e2c8-44b9-bb1f-afd57012ea4a,failed,True
9ad8e720-b4ad-4633-ac42-9e01e74d1d6d,7a16daa2-b846-48ba-99db-04ffd8574083,transfer,551822.89,2024-04-28 08:34:49,Lake Tina,0b059ddd-e2c8-44b9-bb1f-afd57012ea4a,failed,False
e40435c4-f0e6-418a-9ec6-3166115fa682,6f56547b-11c1-4a02-8e4a-12741002c073,purchase,120394.62,2024-03-16 14:41:09,Millerhaven,0b059ddd-e2c8-44b9-bb1f-afd57012ea4a,success,False
625a3a6d-f8b3-4027-9697-87b583da3fae,8bb73ace-e98b-4a6c-851e-4f8177c26588,transfer,357144.03,2022-07-17 23:58:34,Port Megan,0b059ddd-e2c8-44b9-bb1f-afd57012ea4a,failed,True
2400ac87-8d80-4825-9b6d-67a42d9cf1f2,df054e90-5401-4136-9da1-39ee1c92faf5,refund,571569.85,2022-06-13 14:43:11,Rosefurt,0b059ddd-e2c8-44b9-bb1f-afd57012ea4a,failed,False
ab40ce61-a13c-42af-aa67-b0bf75038b96,dc0efaab-4ffc-4468-ad8e-8f0f6843d313,transfer,297257.16,2021-06-28 15:58:08,North Kayla,0b059ddd-e2c8-44b9-bb1f-afd57012ea4a,pending,False
f8847f53-c23e-4f38-b6cd-c726b448d737,9948212e-3b3e-4a2e-ab91-ac10e96f1274,receiving,897031.14,2021-04-07 20:56:07,Padillamouth,0b059ddd-e2c8-44b9-bb1f-afd57012ea4a,failed,False
c4ecb26b-3022-4ad6-8b05-884bd2ea253e,268b6d9a-28db-4855-b7b1-83da90222e4d,transfer,421666.46,2021-09-25 18:31:23,Whitechester,0b059ddd-e2c8-44b9-bb1f-afd57012ea4a,failed,False
732b274b-3ed2-4c7c-bdc4-80233c3ab43f,65e82d1a-3b32-46bf-bec3-858e68e7981a,receiving,641249.52,2020-12-21 06:03:13,Barnetttown,0b059ddd-e2c8-44b9-bb1f-afd57012ea4a,failed,False
5e64fbe2-087c-4683-993c-e1ab0796e94e,2a65e8b7-0a00-49fa-9bce-cae6830dbdf2,transfer,736137.19,2021-08-10 06:57:47,North Christine,0b059ddd-e2c8-44b9-bb1f-afd57012ea4a,success,True
3934d594-2802-4fad-a04d-f5acb6a0b080,e65237de-4dd7-4610-b740-35d869115402,refund,458382.64,2022-01-01 10:15:41,Melissachester,0b059ddd-e2c8-44b9-bb1f-afd57012ea4a,failed,True
6598bd98-1308-42ce-9418-0fdec4c248a3,b434e865-28b8-4cab-81de-5898c186de05,sending,522522.53,2023-09-23 04:24:51,Lisaville,0b059ddd-e2c8-44b9-bb1f-afd57012ea4a,success,True
b457db0d-6ff7-4ab0-809b-2af0247f0325,c48b6fd7-e1b5-47cb-846d-4371d79e1a3f,refund,550216.28,2024-05-26 14:46:51,North Aaronport,0b059ddd-e2c8-44b9-bb1f-afd57012ea4a,failed,False
e77f60c3-c54d-42bb-badc-8f9bb8570044,25ddb605-4b7c-44de-8c6c-6125696e7561,refund,276942.81,2022-10-21 08:52:56,Gonzalezville,0b059ddd-e2c8-44b9-bb1f-afd57012ea4a,pending,True
fab7c899-ecd7-4006-8111-69d03153b422,8c261108-50e3-43fe-894d-bcb0ebda94ad,refund,244041.44,2021-02-27 08:52:00,Marybury,0b059ddd-e2c8-44b9-bb1f-afd57012ea4a,pending,False
361b4080-c257-423f-b4c8-663387d1b169,9b79411e-adfa-4a8b-bf7b-bca376f48795,transfer,433365.42,2023-05-11 21:31:51,Port Paul,0b059ddd-e2c8-44b9-bb1f-afd57012ea4a,pending,False
1a27b52b-7ed2-4e26-b1f6-6bda29e76038,1117ab80-15c4-43ab-a427-568f661602cc,receiving,326997.71,2023-12-06 02:57:51,Priceland,0b059ddd-e2c8-44b9-bb1f-afd57012ea4a,success,True
3648f77e-d437-40e3-8429-7aca5a956dcc,ea3341c7-a9b6-44d3-9e4d-161efa8b9c16,transfer,315245.59,2023-01-29 02:30:39,New Jasontown,0b059ddd-e2c8-44b9-bb1f-afd57012ea4a,pending,False
06a205f7-668c-4c21-b8a2-5ed7d7b34bbb,8bb73ace-e98b-4a6c-851e-4f8177c26588,receiving,801575.7,2021-06-09 01:04:22,Elizabethburgh,0b059ddd-e2c8-44b9-bb1f-afd57012ea4a,success,True
888da6bf-4247-4c6a-a725-e92add62ff47,70e159b2-c9b5-4d04-973a-2844cc61101a,receiving,163631.86,2023-01-25 04:08:43,North William,0b059ddd-e2c8-44b9-bb1f-afd57012ea4a,pending,True
a90115da-950d-46a3-9d18-0e77b4d6c457,16de51df-2275-457f-a666-631e7d4f43be,receiving,240494.17,2021-11-26 20:43:40,Sanchezberg,0b059ddd-e2c8-44b9-bb1f-afd57012ea4a,pending,False
291adde0-4b77-4266-ba3a-b9ac9130eeac,b643b3ca-f9f1-4212-8b04-a706d837f3d9,receiving,660358.01,2022-05-18 07:11:11,Matthewsshire,0b059ddd-e2c8-44b9-bb1f-afd57012ea4a,pending,True
a5fb0c44-6f5e-4c4d-97fc-c1aa6d3ca78b,6ec18168-aca4-4359-966b-f9905bf19f0c,purchase,706199.33,2024-04-06 19:56:56,Nortonberg,0b059ddd-e2c8-44b9-bb1f-afd57012ea4a,pending,False
d16ad7a1-6ce2-4937-b191-c311fc9ee353,543e1881-29f7-4baa-b407-99e9578605fc,transfer,679215.78,2023-09-26 11:16:05,South Carol,0b059ddd-e2c8-44b9-bb1f-afd57012ea4a,success,False
0e30f6ec-32af-441c-a748-b08fda47a9fc,2fc96c12-d53e-4e70-993a-51fc7fb338f8,purchase,358839.46,2024-05-19 18:45:53,Tracyville,0b059ddd-e2c8-44b9-bb1f-afd57012ea4a,failed,True
3cbc65ad-4685-468b-bc98-809d2f7fcc01,798e1dc8-00a5-412b-a8ee-68548737b330,receiving,81640.7,2023-10-31 22:18:46,South Anna,0b059ddd-e2c8-44b9-bb1f-afd57012ea4a,pending,True
035c547e-2b31-4db4-bbe6-28079078cf8c,268b6d9a-28db-4855-b7b1-83da90222e4d,receiving,368315.4,2020-11-21 06:45:08,Port Matthew,0b059ddd-e2c8-44b9-bb1f-afd57012ea4a,failed,False
50299e3e-20f1-40c9-aa55-fb7567c68e85,1600257d-f3a0-43dc-af13-71f4e43243be,transfer,864428.23,2021-03-16 11:20:33,Higginsmouth,0b059ddd-e2c8-44b9-bb1f-afd57012ea4a,success,False
0ad2198a-1d96-41c6-bc6d-80f22cb412fa,03c130c2-b966-4d5e-bb35-79b4e19914cd,purchase,737514.4,2023-08-09 11:22:25,Lindseyton,0b059ddd-e2c8-44b9-bb1f-afd57012ea4a,pending,False
79d2d2b6-3f3a-42da-b757-ecfd3c8c244a,8e6e7182-d19a-4fe2-9bf5-159f82880154,sending,895515.83,2022-01-12 06:52:21,Olivertown,0b059ddd-e2c8-44b9-bb1f-afd57012ea4a,pending,True
7dd88006-796d-40f1-890a-e337437db1ed,670db068-36d1-4d1c-a630-5b882d4dd483,purchase,697710.08,2022-11-29 18:03:18,Charlesstad,0b059ddd-e2c8-44b9-bb1f-afd57012ea4a,success,True
83ad28fb-260b-4df6-ae2c-6552409485e5,139749e5-db45-4655-a641-5479a65004d5,refund,9732.62,2021-06-06 12:05:19,New Jessicaville,0b059ddd-e2c8-44b9-bb1f-afd57012ea4a,pending,False
7c40dc36-2df1-44d1-8b5a-38a73cb012a5,fbfd1cbc-212c-47c8-93a7-9096ceeaf518,sending,983787.07,2023-08-15 18:58:22,North Kelsey,0b059ddd-e2c8-44b9-bb1f-afd57012ea4a,failed,True
41014694-fd60-48f6-88d8-12b39da9a095,d8b3557f-a61f-40ca-aa51-a56c0777aebf,transfer,306293.67,2021-05-03 19:53:15,Maryview,0b059ddd-e2c8-44b9-bb1f-afd57012ea4a,pending,True
f19ecdf1-93e4-4cfe-bcd5-560b85b5d59e,8972487b-d8b1-4d0e-9834-7e8b4901764a,transfer,232682.88,2023-03-15 13:03:03,Chadtown,0b059ddd-e2c8-44b9-bb1f-afd57012ea4a,success,False
145bcded-2488-4f6d-b67d-9a5db87898d0,f281cb92-bdd6-403b-a926-205bcda4c7ef,purchase,325237.75,2024-08-04 06:09:54,South Michelleshire,0b059ddd-e2c8-44b9-bb1f-afd57012ea4a,pending,True
1fb05ab1-82f5-4663-ba23-b335f88cbfa0,2fc96c12-d53e-4e70-993a-51fc7fb338f8,purchase,163699.81,2020-08-07 03:12:09,Beltranport,0b059ddd-e2c8-44b9-bb1f-afd57012ea4a,success,False
4907ab17-efe4-434e-8c90-f16b3f1b6ae9,19aa5e9a-2346-4dbc-bb26-83561da295c0,sending,316817.23,2021-03-29 13:47:44,East Margaretburgh,0b059ddd-e2c8-44b9-bb1f-afd57012ea4a,failed,False
28e2666e-cafa-4699-a9f7-829369c407c3,6c2c5203-13ba-4bda-80c5-e69aba5e4342,receiving,387076.1,2022-05-27 05:23:01,West Amy,0b059ddd-e2c8-44b9-bb1f-afd57012ea4a,success,True
bda42a12-5bf5-47ff-93f8-da07e95af220,e416ff4b-548c-4366-9437-52338e37c99e,purchase,455208.87,2023-12-25 08:52:21,Williamsmouth,0b059ddd-e2c8-44b9-bb1f-afd57012ea4a,pending,True
22b3ce71-8544-4e2d-b674-511bcce271c9,15ae380b-85ee-4753-8f94-d357b0f4a092,purchase,945505.81,2022-12-12 21:21:44,Austinview,0b059ddd-e2c8-44b9-bb1f-afd57012ea4a,failed,False
ca129b9c-8974-4aec-abb5-aa7075866272,68bccf6f-9d1f-491f-9f0b-76e3466404de,purchase,812347.12,2024-05-13 03:39:46,Lake Deborahside,0b059ddd-e2c8-44b9-bb1f-afd57012ea4a,failed,False
caef88e9-e7dc-4c46-9d0c-b261a59e3730,574eb000-6c1d-461b-a20d-d95717d93633,transfer,116146.33,2021-12-23 18:39:14,Hillburgh,0b059ddd-e2c8-44b9-bb1f-afd57012ea4a,failed,False
e0d57f8f-1a22-4eb9-8074-81c6d767931c,ba2e7ce5-d1e5-40da-be41-78280965f8a4,purchase,328519.83,2020-10-06 01:14:10,Lake Alexandra,0b059ddd-e2c8-44b9-bb1f-afd57012ea4a,failed,False
a01c9912-a676-444c-9237-85a9f2c23bd5,e83f8f36-037d-48f2-bc90-1bb1e7f73098,receiving,44491.09,2023-03-14 14:43:01,North Vincentview,0b059ddd-e2c8-44b9-bb1f-afd57012ea4a,pending,False
6d882d80-87ca-4135-902c-34068667cff2,4cff1d28-79bd-43cb-8bc3-de11e5175b01,sending,111218.43,2024-04-07 11:19:24,Lake Nathaniel,0b059ddd-e2c8-44b9-bb1f-afd57012ea4a,success,False
1b9cbcd8-9be9-4740-b7b7-97a77efe0892,64c8d5af-7ab7-4d7a-a5cb-1cd4bf41dd0a,purchase,801209.75,2023-12-28 05:47:30,Stewartport,0b059ddd-e2c8-44b9-bb1f-afd57012ea4a,success,True
1754bfa6-f7f1-42ac-b7c7-170241154ff3,6f56547b-11c1-4a02-8e4a-12741002c073,transfer,413018.15,2022-08-22 09:13:02,New Hayley,0b059ddd-e2c8-44b9-bb1f-afd57012ea4a,success,True
ec995a6b-fa59-4c05-8347-9446d9ca31fa,7ed5c19e-1529-4f0b-8115-d3d8b471908f,refund,580684.14,2022-08-19 04:11:30,Jennifertown,0b059ddd-e2c8-44b9-bb1f-afd57012ea4a,success,False
d00c3d81-91a3-40d8-a569-4d2bfbcb4a69,02468d10-db02-4825-a704-367482f957b4,refund,334357.4,2020-10-08 08:21:39,Andrefort,0b059ddd-e2c8-44b9-bb1f-afd57012ea4a,failed,True
55c6a54e-5afe-4258-b342-c00de4ed8c55,a71c4c75-ed85-42c7-ad1c-84878daec39e,transfer,612547.3,2024-04-05 08:41:48,Levystad,0b059ddd-e2c8-44b9-bb1f-afd57012ea4a,failed,False
fc4278c9-5d10-42b0-a9b3-5d63c1059a7e,01b39475-4b86-4719-8b57-715eef99c396,purchase,344758.75,2020-12-15 23:04:47,West Sandra,0b059ddd-e2c8-44b9-bb1f-afd57012ea4a,pending,True
1afc4488-7783-475e-af5e-396e93a0439b,c2134cfb-9059-4057-8a1a-150d4ccd6086,transfer,502506.35,2023-08-07 18:49:08,East Carrieport,0b059ddd-e2c8-44b9-bb1f-afd57012ea4a,pending,True
0542bb29-7878-44f8-bd49-c0e657b7f814,d82bde1e-ad21-45a1-af8f-f05ff48d8faf,transfer,952311.89,2022-06-05 04:17:03,Timothystad,0b059ddd-e2c8-44b9-bb1f-afd57012ea4a,success,True
621abaa2-7888-42f5-93c8-9db4ea322958,e753c56b-9628-4809-90ce-e17a4118f1a9,transfer,397696.01,2020-08-27 02:22:30,New Julieside,0b059ddd-e2c8-44b9-bb1f-afd57012ea4a,pending,False
b6d318b4-e271-488a-bfa4-ca4af96cfa13,6ffe3b4b-ae3c-4358-a584-3290a1f18217,sending,477417.72,2023-09-03 12:54:20,West James,0b059ddd-e2c8-44b9-bb1f-afd57012ea4a,pending,False
bb6e2f2e-6340-4e8e-869a-8f6453664634,3cfb84b1-d13e-430d-8289-d0a19510f7e7,sending,16457.49,2023-03-18 09:13:05,Reginahaven,0b059ddd-e2c8-44b9-bb1f-afd57012ea4a,pending,False
6d48d767-fc07-4a9b-8234-f4c1dd261bd9,af7c2ce9-7f5d-4670-a263-1c84f9944956,sending,253570.22,2021-04-14 16:02:16,New Pennyfurt,0b059ddd-e2c8-44b9-bb1f-afd57012ea4a,failed,True
1be80281-90d1-4fae-a384-8732f5ea9a99,5a57d21e-c337-46aa-9622-14c8c8b9656a,transfer,955941.54,2021-05-04 15:46:02,North Angela,0b059ddd-e2c8-44b9-bb1f-afd57012ea4a,success,False
ca4c35f3-fba2-4d4e-9d0d-bbd9a0c6143e,019d47d9-775e-4901-82b8-7a35f7bb27f8,receiving,153438.96,2022-06-25 04:56:29,South Brianfurt,0b059ddd-e2c8-44b9-bb1f-afd57012ea4a,success,True
c026b714-b431-4719-b158-4a7bc89a53f5,25c84b6c-03e8-491b-aa7b-20ddfcda9d65,transfer,792132.64,2023-03-28 00:04:28,South Theresachester,0b059ddd-e2c8-44b9-bb1f-afd57012ea4a,pending,False
3488cb91-49df-4da0-8946-104f7696a38e,de6c9787-3b58-490a-81a9-294527143766,refund,81043.79,2021-12-09 14:53:09,Lake John,0b059ddd-e2c8-44b9-bb1f-afd57012ea4a,failed,False
9f34298b-7ecb-4cbf-9980-1889e55557a8,566a5059-98f2-40a7-8905-751901e9c589,refund,787725.44,2021-07-17 21:55:17,South Danielton,0b059ddd-e2c8-44b9-bb1f-afd57012ea4a,failed,False
4fc7ef73-ac97-4c6d-85bb-e90fe0dd29ab,eb563855-d8b1-42a6-b28e-64b2e13fa580,transfer,665521.93,2023-03-05 05:57:25,South Joyceville,0b059ddd-e2c8-44b9-bb1f-afd57012ea4a,pending,False
7960cdbd-b1fa-4e79-94dd-8a343541e4c6,b6848322-803d-48f6-b848-66f0c0f4f2cc,purchase,698114.38,2020-10-04 14:24:02,Matthewmouth,0b059ddd-e2c8-44b9-bb1f-afd57012ea4a,pending,True
43e172a1-63b0-4297-a350-53dfe153c399,a5a420c6-f795-4703-a05a-fd847230064c,transfer,110227.32,2022-10-20 20:40:24,Tiffanytown,0b059ddd-e2c8-44b9-bb1f-afd57012ea4a,failed,True
e2c68f7f-d445-4325-aa7f-b0ffe5f917ac,3f029f49-f353-43e3-93b8-7f080b71eff0,purchase,448359.77,2023-05-23 15:41:38,Lindseyside,0b059ddd-e2c8-44b9-bb1f-afd57012ea4a,pending,True
beb4489f-a6cd-40e4-a5e0-77d933a8fc24,815dd6f6-f6ad-4749-99be-6a32b75aaea3,sending,256494.21,2024-07-21 08:24:02,Burchville,0b059ddd-e2c8-44b9-bb1f-afd57012ea4a,failed,False
ea1a2ec7-c9e6-4ac9-961c-2d2b8d31a6f0,901d244c-880b-493f-af62-53678e1c0ce6,refund,943210.67,2023-09-21 20:19:57,North Joshua,0b059ddd-e2c8-44b9-bb1f-afd57012ea4a,failed,False
386c82dd-252b-4bde-8d8d-c4139902f644,a99bf8ae-878d-4681-89f9-bb097210f931,transfer,261439.49,2020-10-04 08:17:29,Murraymouth,0b059ddd-e2c8-44b9-bb1f-afd57012ea4a,success,True
47c4846e-989a-4c5c-9e4b-a3e0e04cb0b6,8f83660a-707f-4258-ac31-ef2e2030946b,purchase,62670.56,2022-04-14 18:35:47,Rickymouth,0b059ddd-e2c8-44b9-bb1f-afd57012ea4a,pending,True
d87ffdbb-3593-486d-b8e1-b4d0162c9190,fdacf41c-9e55-4899-af33-e11c988574b7,transfer,75581.93,2021-04-28 10:48:11,New Williamchester,0b059ddd-e2c8-44b9-bb1f-afd57012ea4a,success,True
f316718f-4c04-469e-9909-8129f27e560e,eb563855-d8b1-42a6-b28e-64b2e13fa580,purchase,779415.6,2023-08-23 18:48:19,South Josephhaven,0b059ddd-e2c8-44b9-bb1f-afd57012ea4a,failed,True
7ea8a207-a1d2-49f1-8dd5-cb6181a81119,4866aa27-adf7-4733-b982-750cd67b4f0f,transfer,431342.26,2020-08-13 04:56:28,Piercemouth,0b059ddd-e2c8-44b9-bb1f-afd57012ea4a,pending,True
5a212ef9-235d-44c6-b7e4-a30a2678b466,02097d47-6659-4fa4-a751-a317baefe8e5,receiving,113633.76,2024-04-03 07:40:53,Stephenmouth,0b059ddd-e2c8-44b9-bb1f-afd57012ea4a,failed,False
cb9130aa-c9d9-4c51-abe8-549693be8da4,25c84b6c-03e8-491b-aa7b-20ddfcda9d65,refund,244007.84,2022-09-05 23:52:08,Davisburgh,0b059ddd-e2c8-44b9-bb1f-afd57012ea4a,failed,False
3c939ef5-de5c-4a6a-ba5a-cacfc72c6683,6db3f7d1-76c8-45e5-a87e-ae75aec1e641,refund,109915.86,2024-03-26 10:35:29,Blacktown,0b059ddd-e2c8-44b9-bb1f-afd57012ea4a,pending,True
22728975-6c92-4234-a671-919931497472,ba2e7ce5-d1e5-40da-be41-78280965f8a4,purchase,940439.43,2020-12-23 11:01:49,West Ivan,0b059ddd-e2c8-44b9-bb1f-afd57012ea4a,failed,False
1f576f07-9cc3-47b3-896f-e9a390abc93f,cd93b64b-6ff2-4f96-8bff-a44f9f2e41a0,purchase,268641.12,2024-05-20 02:40:43,Martinezmouth,0b059ddd-e2c8-44b9-bb1f-afd57012ea4a,pending,False
862e3b1c-ce0c-40f7-a689-f58ea94171bf,9800e362-8bfa-4db7-80f3-057751bac012,purchase,341051.29,2024-07-20 13:21:34,Hoffmanside,0b059ddd-e2c8-44b9-bb1f-afd57012ea4a,success,False
150a77c9-cecf-46b5-803f-e5ade8bff0b8,cfb48cca-529c-44cb-b64b-a34652aff588,refund,525851.3,2023-03-20 17:32:07,Anthonychester,0b059ddd-e2c8-44b9-bb1f-afd57012ea4a,pending,False
ed99c436-8fc0-4db3-9f58-f9d1c188ee50,240e43ff-1318-4c3f-8825-038e70f4cbdd,receiving,303999.11,2023-12-30 07:20:03,East Heatherborough,0b059ddd-e2c8-44b9-bb1f-afd57012ea4a,pending,True
1a3ef087-3e04-4850-9926-4bcff3035962,5fe31bbb-8264-40e0-b05b-1d2293a0985c,receiving,126709.22,2023-06-10 08:17:19,Robbinsfort,0b059ddd-e2c8-44b9-bb1f-afd57012ea4a,pending,False
432b3297-c420-4db5-b5eb-cd0c7daa7ac0,8b8c587b-3edc-4f23-8094-e5477962c0c6,sending,489240.51,2021-03-23 09:33:51,New Patriciamouth,0b059ddd-e2c8-44b9-bb1f-afd57012ea4a,success,False
c87345a4-630b-4443-a687-988163398b51,798e1dc8-00a5-412b-a8ee-68548737b330,refund,645653.63,2021-10-10 01:20:41,West Dwayneberg,0b059ddd-e2c8-44b9-bb1f-afd57012ea4a,failed,True
637e4e32-dba6-4e0e-9bf6-0586080cf397,d91f9b4b-ee1e-4210-8db2-19362c0b4488,purchase,996080.61,2021-06-25 02:05:28,South Brandi,0b059ddd-e2c8-44b9-bb1f-afd57012ea4a,failed,True
a34f411e-d9f7-4dee-8367-1ab338b65e4a,ff699bd1-a031-4d5c-8175-a54cf7960aca,refund,124445.49,2023-05-17 07:17:22,North Amy,0b059ddd-e2c8-44b9-bb1f-afd57012ea4a,failed,False
d16f121d-e5ec-45e7-9948-0352b4b7a644,2c3e3f7c-409d-477c-805c-bfbbf7998bc2,sending,872395.05,2021-06-03 05:30:23,Port Veronicatown,0b059ddd-e2c8-44b9-bb1f-afd57012ea4a,success,True
df38cf96-3aaf-4956-97ed-8026de2e4ca0,5e4a7a7b-84c0-4684-8476-394073946655,transfer,29071.83,2021-05-06 08:28:27,Ramirezmouth,0b059ddd-e2c8-44b9-bb1f-afd57012ea4a,failed,True
59f9766e-cc0a-4867-9d98-38913705a722,83712c04-fc01-42d8-92d3-3d9f9fa7c25c,refund,810044.57,2021-08-21 04:38:56,East Ashleyfurt,0b059ddd-e2c8-44b9-bb1f-afd57012ea4a,pending,False
394304cb-446c-4a42-b56e-f5b6d322c065,fdf8328c-04d4-48d2-af04-f0f50a2df23d,sending,247231.12,2022-08-08 15:48:58,Shepherdchester,0b059ddd-e2c8-44b9-bb1f-afd57012ea4a,pending,False
94d40408-afc6-4c04-82c6-6d70565d68cb,380f6274-6c23-4029-b719-19a1b6fec117,refund,854207.68,2024-06-24 18:43:56,Lesliestad,0b059ddd-e2c8-44b9-bb1f-afd57012ea4a,success,True
ac43e4b9-7c71-438b-8544-0af40bacb262,2fc96c12-d53e-4e70-993a-51fc7fb338f8,receiving,732293.72,2022-02-16 07:25:07,Arielland,0b059ddd-e2c8-44b9-bb1f-afd57012ea4a,success,False
ecd42a6e-7b58-446d-940f-3966ae454b96,3cfb84b1-d13e-430d-8289-d0a19510f7e7,refund,348274.23,2023-03-07 07:23:09,Angelaburgh,0b059ddd-e2c8-44b9-bb1f-afd57012ea4a,pending,False
857786bb-275a-4340-bade-67966e4638e9,40d912c4-7c95-4f47-8f95-5effe49de7f5,refund,215677.43,2021-04-23 15:13:08,North Craigville,0b059ddd-e2c8-44b9-bb1f-afd57012ea4a,pending,False
bca25616-74b0-4473-b0f6-de581dc3ddf2,fdacf41c-9e55-4899-af33-e11c988574b7,sending,705129.61,2021-10-04 14:47:36,East Zacharyberg,0b059ddd-e2c8-44b9-bb1f-afd57012ea4a,failed,False
f6661760-e16c-43d0-a406-8f0710cef672,8e95a60e-acc6-424f-a192-1f3575e06492,transfer,488705.92,2022-01-22 03:31:37,Tarachester,0b059ddd-e2c8-44b9-bb1f-afd57012ea4a,success,True
59d2062b-82de-44a8-b005-4ac73bca2eba,474bd808-8553-4a14-b329-2ca1f389b175,sending,743692.86,2022-06-05 13:59:58,Lake Garyburgh,0b059ddd-e2c8-44b9-bb1f-afd57012ea4a,failed,False
0c4b0994-3583-479b-b4b8-2f8170dfab07,7e353a66-43c4-46af-aa3a-b85d86443c85,receiving,451393.73,2022-03-19 06:13:52,Lake Denise,0b059ddd-e2c8-44b9-bb1f-afd57012ea4a,success,True
c63c01e8-8efb-43c4-a06c-bf5878ba14eb,ce5ded28-1873-4857-8116-7324142d6ada,receiving,179840.77,2023-07-04 01:05:02,Jenniferberg,0b059ddd-e2c8-44b9-bb1f-afd57012ea4a,pending,True
658d3209-647d-4301-a862-a12fceba8b45,cd068641-a21b-4909-a924-7a98a3a60116,receiving,658372.21,2022-04-25 08:00:05,South Julieshire,0b059ddd-e2c8-44b9-bb1f-afd57012ea4a,success,True
cf3255d1-ed51-4a0f-a748-a95a2859271f,bd010077-20f3-4545-8a0f-e009f4ba4b74,sending,802508.76,2021-01-16 01:56:54,Andrewport,0b059ddd-e2c8-44b9-bb1f-afd57012ea4a,failed,False
892484fb-8ec5-40a7-9fd2-2a8169f7966c,08da36fe-d7bb-45fc-97af-8e3937a3300a,refund,730890.54,2022-01-02 15:43:40,Lake Nicole,0b059ddd-e2c8-44b9-bb1f-afd57012ea4a,failed,True
fd503f6c-0180-457c-b123-cbd493e5149e,fc2d8edc-2242-48cb-be63-1718bd949764,receiving,870008.19,2022-06-07 09:59:04,Port Kerrimouth,0b059ddd-e2c8-44b9-bb1f-afd57012ea4a,success,True
8ad7d5bf-3b2b-4cc6-83f8-e161a6b9b405,67aa1afe-ee80-48b7-8a0b-d59d94b65b48,purchase,567430.5,2023-03-06 22:26:17,East Melissaport,0b059ddd-e2c8-44b9-bb1f-afd57012ea4a,pending,False
df88a796-882e-409a-964e-653d52330c69,ab418e60-2e16-411f-802e-2e77c2d49151,refund,714402.24,2023-06-17 07:44:17,Johnland,0b059ddd-e2c8-44b9-bb1f-afd57012ea4a,success,False
eb9e9af2-ed4d-43b6-9555-fb9f92ba4c40,b90f0551-cb4e-41af-afef-c7ced1af573b,transfer,172128.9,2021-11-09 04:44:28,Amyberg,0b059ddd-e2c8-44b9-bb1f-afd57012ea4a,success,True
db000900-cbfa-491e-876f-3fc8650e48be,5c0a1535-d4af-46a8-bedc-2f7b2bb06a56,purchase,832808.57,2021-02-27 07:20:16,Port Johnside,0b059ddd-e2c8-44b9-bb1f-afd57012ea4a,pending,True
c7aac291-4278-413b-80b2-22877ee35b7c,d7a8ec78-1d96-4696-a7d8-726172d0e523,transfer,813626.49,2024-06-16 13:40:00,Smithstad,0b059ddd-e2c8-44b9-bb1f-afd57012ea4a,failed,False
19840f53-4ae3-4bce-980c-1c02c7faa646,670db068-36d1-4d1c-a630-5b882d4dd483,purchase,60953.2,2023-05-15 01:03:51,Boonetown,0b059ddd-e2c8-44b9-bb1f-afd57012ea4a,pending,False
6eaa0e5b-cd79-4a11-8495-25ceadb96f77,be5b6e2d-4790-4651-a39f-9ca576714c10,purchase,405192.59,2022-01-01 20:35:29,North Jefferyberg,0b059ddd-e2c8-44b9-bb1f-afd57012ea4a,failed,False
053f6d83-9248-41aa-9b9e-cc9cd80cd116,6ec18168-aca4-4359-966b-f9905bf19f0c,transfer,12949.02,2022-10-23 02:01:14,Port Kevin,0b059ddd-e2c8-44b9-bb1f-afd57012ea4a,pending,True
935ed9aa-b677-4f0f-98c6-5310e40c8f85,fcb710e5-b30f-4d55-9a44-2fecce192145,sending,48805.44,2023-03-19 17:02:36,West Williamshire,0b059ddd-e2c8-44b9-bb1f-afd57012ea4a,success,True
a951128d-0c84-4edb-85c4-b1feeca4fc63,f53138f0-e776-4aca-a4cf-93b5c5a73e1e,sending,400147.93,2024-04-26 08:35:39,East Stephen,0b059ddd-e2c8-44b9-bb1f-afd57012ea4a,pending,False
011c81ca-5e94-448d-9a3d-a7487ed1d101,03ced9e6-d169-43af-90bb-36fb72a37f3b,receiving,742716.89,2022-12-08 01:58:33,Nataliefurt,0b059ddd-e2c8-44b9-bb1f-afd57012ea4a,success,False
46ff1d7a-dc29-4e45-afc2-cbe88b164432,5b087340-8b46-47b1-b059-ab82a7a56a8e,refund,76210.44,2024-02-13 06:59:56,Natashahaven,0b059ddd-e2c8-44b9-bb1f-afd57012ea4a,success,False
444817a6-5ece-4cf8-9dab-4d543a48e5db,8f83660a-707f-4258-ac31-ef2e2030946b,transfer,199240.94,2021-06-28 18:35:00,Kathleenburgh,0b059ddd-e2c8-44b9-bb1f-afd57012ea4a,success,False
edc661ef-7284-408f-b776-e4b2d36479b7,2bf40697-8728-44ef-84c7-98671a540b29,purchase,162625.99,2021-07-22 21:15:01,Christopherhaven,0b059ddd-e2c8-44b9-bb1f-afd57012ea4a,success,True
a99eb0eb-a830-41d7-8364-332d2fe521f4,08da36fe-d7bb-45fc-97af-8e3937a3300a,purchase,508886.42,2023-12-09 20:40:18,Port Carolyn,0b059ddd-e2c8-44b9-bb1f-afd57012ea4a,failed,True
61dd9188-cf98-4be7-9cab-15868adc9ee2,a2c62832-8e19-4ac5-8cf8-496a5bb4a761,purchase,455862.08,2024-07-27 18:35:44,South Frank,0b059ddd-e2c8-44b9-bb1f-afd57012ea4a,pending,False
02c80043-5b06-40f0-8262-f07b17683285,b3b42528-665b-403f-883a-12a0f2db6d09,sending,37374.12,2022-11-28 17:46:54,Nealstad,0b059ddd-e2c8-44b9-bb1f-afd57012ea4a,failed,False
f4b01250-b4bc-462c-915f-64a5e3e146e6,d4ca4a7b-0a91-4dff-a5b2-0803e9dffa85,transfer,377282.28,2021-01-13 03:14:23,East Amyton,0b059ddd-e2c8-44b9-bb1f-afd57012ea4a,pending,False
d35b66e6-73d9-4dc6-a993-6c2392f5524f,66490d15-dc7b-4b8c-a8df-8cd68bbc426f,refund,160965.9,2022-10-08 19:54:02,Pierceberg,0b059ddd-e2c8-44b9-bb1f-afd57012ea4a,failed,False
335c252f-462a-4b9b-94e2-e50d63250416,02468d10-db02-4825-a704-367482f957b4,refund,107824.55,2022-03-23 10:18:12,Lake David,0b059ddd-e2c8-44b9-bb1f-afd57012ea4a,failed,True
d8511d96-c4e1-4cbf-a055-b1623a6249e7,73cf786f-fc9a-4f1b-937c-5b6c488e7ed3,transfer,844174.5,2021-04-18 23:43:19,Port Sarahberg,0b059ddd-e2c8-44b9-bb1f-afd57012ea4a,pending,True
776f3f8e-2624-46a0-9541-051f8e66adae,fc53e175-540c-4574-a4c7-2291b39ccc8b,receiving,204632.81,2020-12-21 03:52:45,Johnton,0b059ddd-e2c8-44b9-bb1f-afd57012ea4a,pending,False
25813a6c-6561-444b-b723-60888170194e,4866aa27-adf7-4733-b982-750cd67b4f0f,transfer,678726.89,2023-08-20 20:18:45,East Brianport,0b059ddd-e2c8-44b9-bb1f-afd57012ea4a,pending,False
edc7edae-994f-4ac0-aa30-b121717d167b,7477f027-83ea-4fa8-8f56-17aa47f2f650,purchase,19666.15,2021-08-07 05:08:18,Natalieview,0b059ddd-e2c8-44b9-bb1f-afd57012ea4a,failed,True
35f3ed92-ef65-4e5e-8b44-9518fa6c49a6,70952d5d-d2d4-4db0-b202-26b7a9419599,receiving,210021.97,2022-04-06 21:42:50,Dannybury,0b059ddd-e2c8-44b9-bb1f-afd57012ea4a,failed,True
4253019b-3ae2-4373-a941-0280e41f7cb7,8c261108-50e3-43fe-894d-bcb0ebda94ad,refund,118160.48,2022-09-27 16:09:19,Christinechester,0b059ddd-e2c8-44b9-bb1f-afd57012ea4a,success,True
45e56c4a-ee74-4337-b859-8471afaacbf4,7aa2cb8d-4a7f-40f7-919c-7ca029dd3649,purchase,422263.54,2021-01-24 09:33:11,Lake Veronicashire,0b059ddd-e2c8-44b9-bb1f-afd57012ea4a,failed,False
83e2a1ec-b8b0-4c1a-8091-13221f75671f,73cf786f-fc9a-4f1b-937c-5b6c488e7ed3,refund,255853.75,2023-12-02 18:59:47,Lake Courtney,0b059ddd-e2c8-44b9-bb1f-afd57012ea4a,pending,True
98267d11-5a53-4ce4-9981-a208bfc16863,77034a5f-6c3f-462a-8073-5ef4dd5fd570,transfer,228589.13,2024-07-16 15:15:30,Barrettburgh,0b059ddd-e2c8-44b9-bb1f-afd57012ea4a,failed,False
a1764431-6b9f-4277-ae6c-937e5598c2a8,72788a9f-213a-4363-8de4-a42e30defe04,receiving,971088.55,2023-10-12 20:30:28,Priceland,0b059ddd-e2c8-44b9-bb1f-afd57012ea4a,failed,False
46404c59-8611-4cf6-82c9-98d15fca38f6,d99caf6a-566e-4810-9cb8-1abdda3ad283,refund,134518.59,2024-04-12 18:57:04,Theresaberg,0b059ddd-e2c8-44b9-bb1f-afd57012ea4a,success,True
214c4cd8-59e6-423a-bc11-133620623ecd,33edbc70-d6d1-4f41-b353-0ba2e4fb3a7f,transfer,328288.27,2023-07-24 12:45:57,East Jack,0b059ddd-e2c8-44b9-bb1f-afd57012ea4a,pending,True
b15588b3-be12-491b-8f45-f68fee0aaa0d,8972487b-d8b1-4d0e-9834-7e8b4901764a,refund,267875.69,2021-10-11 18:56:14,Barnesville,0b059ddd-e2c8-44b9-bb1f-afd57012ea4a,success,True
519fb663-6f76-45a4-9574-a16619ae78f4,ec6818df-473d-41d8-ba03-1711b66287e5,transfer,766325.86,2021-02-24 12:50:49,West Maryside,0b059ddd-e2c8-44b9-bb1f-afd57012ea4a,pending,False
d8123f68-979f-4551-8126-cb231e38e971,255bce73-e064-4b96-bd76-712eeb53b734,sending,801903.95,2024-03-20 20:27:17,Crystalchester,0b059ddd-e2c8-44b9-bb1f-afd57012ea4a,pending,False
8c21a9c4-2395-457e-aa55-8ac146accab4,3e3cf759-ad3a-4d24-800e-cb3cb9b2af3a,transfer,633165.33,2022-09-19 04:07:02,Richardsonbury,0b059ddd-e2c8-44b9-bb1f-afd57012ea4a,pending,True
a687404a-99b1-4048-a4e7-eb8064a298b7,8b8c587b-3edc-4f23-8094-e5477962c0c6,refund,71974.23,2024-02-06 02:47:13,Port Stacey,0b059ddd-e2c8-44b9-bb1f-afd57012ea4a,pending,False
8e334720-5a69-4602-9c45-d2911047958a,7661e8a4-1f78-4f96-904c-2cc493ce6382,refund,52326.6,2021-12-08 13:32:03,Davischester,0b059ddd-e2c8-44b9-bb1f-afd57012ea4a,pending,False
04fa2558-7fca-4fd3-a9ec-56be3ec75e11,6f0d2009-cb78-4c52-81c5-15659509494d,purchase,836107.57,2021-01-14 17:04:12,North Ryan,0b059ddd-e2c8-44b9-bb1f-afd57012ea4a,failed,True
7afe355a-694b-46c9-a11a-e196fda7174c,5ad36170-c127-4712-b5da-d7dbb7ce37ae,purchase,30852.99,2021-12-13 21:40:19,West Amber,0b059ddd-e2c8-44b9-bb1f-afd57012ea4a,failed,False
a7449873-8019-4cd6-ba45-add46d1f4aff,95dd1966-cf36-4392-b8dd-f16bf1a89337,refund,351205.65,2020-11-16 14:21:21,Charleston,0b059ddd-e2c8-44b9-bb1f-afd57012ea4a,success,True
8ed18ef3-040c-4d23-8b36-185f075ae1f4,0794b24a-ec1a-4727-8897-26dd85ad6f94,receiving,984198.61,2022-02-27 07:26:55,Cooperland,0b059ddd-e2c8-44b9-bb1f-afd57012ea4a,success,True
3c106537-861c-46de-b748-3f289f60c21c,0eb29836-5433-412f-83ca-a2289a9dc5ac,purchase,659879.36,2020-09-12 02:58:46,New Hannahbury,0b059ddd-e2c8-44b9-bb1f-afd57012ea4a,pending,True
dd2ea3e9-beb0-4d7f-8a14-34a59910b885,472aa779-8b18-463a-abee-e165eec572e7,sending,466038.64,2023-05-17 14:49:13,Apriltown,0b059ddd-e2c8-44b9-bb1f-afd57012ea4a,failed,False
66423f45-c862-47db-9011-8ad49e230548,cc804109-8c5c-4b55-931d-d4f718895e45,receiving,719100.72,2022-03-14 19:54:12,Nicoleburgh,0b059ddd-e2c8-44b9-bb1f-afd57012ea4a,success,False
98ce4a06-2265-4850-b97a-4e5bf45087f4,dd171b1f-8ab4-41b8-9237-4002e2bae86b,receiving,200155.93,2024-04-06 18:42:57,East Jerrybury,0b059ddd-e2c8-44b9-bb1f-afd57012ea4a,failed,False
f93bca8e-fbb3-4d94-8da5-67f891701484,50f9da42-9e66-40d6-9868-4b08b9a0ccbf,refund,481121.49,2021-06-11 02:57:35,Sanderston,0b059ddd-e2c8-44b9-bb1f-afd57012ea4a,failed,True
8d51c4c0-0993-4332-9922-3c8174cada02,8d2871d4-410f-4602-bd52-d43a721c988b,refund,578716.73,2021-06-25 10:40:37,South Wendy,0b059ddd-e2c8-44b9-bb1f-afd57012ea4a,failed,True
2d83ac32-ccbd-4ffd-a4ea-b0fff50fb2d0,6197a7e6-1f58-45a0-88f0-9f5a42b68017,receiving,459702.14,2023-07-20 16:02:13,Lake Robertshire,0b059ddd-e2c8-44b9-bb1f-afd57012ea4a,pending,True
8a5cac67-7f53-43a3-9bbb-762810355a4c,4efbe64f-b8fd-4e8a-b524-24ab5241a2d5,receiving,456573.18,2022-01-19 05:06:01,Lake Henryfort,0b059ddd-e2c8-44b9-bb1f-afd57012ea4a,success,True
cf6761af-9780-4ec7-897f-315f87964c57,c2dc8c19-2b67-4a15-a95f-f18497d49017,refund,297531.19,2021-03-22 12:59:58,Traceyview,0b059ddd-e2c8-44b9-bb1f-afd57012ea4a,failed,False
d147db10-93db-4b80-81b2-34610c2a0a15,27bfce3e-a2ef-4a6b-a2fa-48d98fa93696,purchase,669966.27,2021-06-28 23:56:36,Lake Erinchester,0b059ddd-e2c8-44b9-bb1f-afd57012ea4a,pending,True
b90d1b51-9ed9-46c9-85db-dee667f35aca,44a22c5e-5f1f-49e0-947b-3990172ecb09,purchase,429953.39,2024-04-06 01:05:09,Lambview,0b059ddd-e2c8-44b9-bb1f-afd57012ea4a,failed,False
9cf5cb4b-525e-446b-b71c-96e6b1c4efa0,1aa1c094-8266-4fe8-a9b3-fd4d91074ca8,receiving,511721.16,2024-04-26 17:23:54,West Danieltown,0b059ddd-e2c8-44b9-bb1f-afd57012ea4a,pending,False
714f0738-1982-459f-b9da-4ca9f6b66e03,d1fa9cca-545a-4980-8458-63d1f81ec062,transfer,360729.9,2021-07-05 19:52:32,Mendezstad,0b059ddd-e2c8-44b9-bb1f-afd57012ea4a,failed,True
e256b0b3-2a79-4347-9a0a-91d0f626e8e0,3752f1be-795a-4d6c-b8b1-c7a446595396,receiving,775254.43,2021-12-08 22:04:53,Bobbymouth,0b059ddd-e2c8-44b9-bb1f-afd57012ea4a,pending,True
0deb50e9-9851-4bbe-a088-1345259f792f,fbfd1cbc-212c-47c8-93a7-9096ceeaf518,receiving,863952.73,2022-09-14 18:07:08,Jacobshire,0b059ddd-e2c8-44b9-bb1f-afd57012ea4a,failed,True
25e561df-b255-4893-b91a-fb317e772bac,8933d9fb-b018-4f8a-a74e-f524883febb1,purchase,176523.71,2021-09-23 07:15:29,South Alex,0b059ddd-e2c8-44b9-bb1f-afd57012ea4a,pending,True
1837ec79-5e41-4290-ae4a-4e81ea50dcaa,0eabe658-2bce-47a9-a2b1-3696f4fd09bf,transfer,401216.63,2022-07-04 21:24:02,Clarkberg,0b059ddd-e2c8-44b9-bb1f-afd57012ea4a,success,False
838d4dcd-f011-4ea8-8c1c-689f6f79a6b7,32724a34-3207-48f6-8859-0b591dcf9319,transfer,570365.24,2023-10-10 16:26:51,South Kenneth,0b059ddd-e2c8-44b9-bb1f-afd57012ea4a,success,True
6420d74b-ab8c-4d3d-97f4-5b33a92c28d8,30a14e61-45a8-45c2-b12c-fa5bf182ae9d,purchase,126594.19,2024-03-05 20:51:37,West Lisaville,0b059ddd-e2c8-44b9-bb1f-afd57012ea4a,failed,False
09ac535a-78cb-45b7-8a4e-80792a9ea594,7ec596ea-f30a-4a08-90f3-fd9d94aa7e70,receiving,492517.04,2023-02-08 04:59:22,New Kathryn,0b059ddd-e2c8-44b9-bb1f-afd57012ea4a,failed,True
173ad386-844d-4d0f-982a-1d49df00d98d,2cfd31c0-ad8a-4793-9924-f5d25bbe7c68,purchase,777130.81,2022-05-31 21:07:44,Davisfurt,0b059ddd-e2c8-44b9-bb1f-afd57012ea4a,success,True
31bfc7de-5a47-4c96-a1a6-9135f5334715,b1a1efcd-2310-4a9d-89cc-1f920f69e071,refund,50467.53,2020-12-13 17:41:00,Graymouth,0b059ddd-e2c8-44b9-bb1f-afd57012ea4a,failed,False
021751da-3cbf-49c3-ba28-937f3c16a862,4b136361-bb20-4221-85e5-3642498f6354,purchase,879822.98,2021-04-26 02:13:57,New Pamelaburgh,0b059ddd-e2c8-44b9-bb1f-afd57012ea4a,pending,False
a569392c-f250-4e2c-b681-15c26ba6840f,a23a3ba4-3ac3-4f7d-87fd-60bc6e1aedb8,refund,341577.79,2023-04-13 18:44:14,East Zacharyberg,0b059ddd-e2c8-44b9-bb1f-afd57012ea4a,pending,True
a10cb625-5832-4b05-9ad1-fd70ec2085fd,6db5f4bf-a9b5-45b9-947e-5852364123ed,receiving,16547.89,2021-11-06 19:28:22,New Angela,0b059ddd-e2c8-44b9-bb1f-afd57012ea4a,failed,False
eb1b2200-c172-47af-a9f2-4f2916afe581,e65237de-4dd7-4610-b740-35d869115402,transfer,640645.15,2020-08-23 00:53:12,Richardshire,0b059ddd-e2c8-44b9-bb1f-afd57012ea4a,failed,False
2b28cd49-bf60-4ca5-aa0c-77b92308fc1b,2b4a8d18-ff16-4675-841d-068c34aa6d1a,receiving,66149.36,2022-03-19 10:24:33,Washingtonfort,0b059ddd-e2c8-44b9-bb1f-afd57012ea4a,pending,True
fdcc47c3-9091-4b78-a36e-d1eb96fbc20b,91899251-d50b-4620-9946-10a60f6abf3a,receiving,504942.23,2023-08-18 10:38:02,Dennismouth,0b059ddd-e2c8-44b9-bb1f-afd57012ea4a,failed,False
773a41bc-58fc-4dc3-9b3e-3d8b8f2b4832,c008adbc-f039-49b6-a7b7-8aefcaf25f82,transfer,526788.45,2021-04-24 20:38:06,West Amandamouth,0b059ddd-e2c8-44b9-bb1f-afd57012ea4a,failed,False
927b9466-3806-46f5-85f0-dcbab36174d7,c5dbf089-aa07-45a4-8c45-409e4f8f1a21,refund,752500.31,2024-01-24 19:39:18,Emilyton,0b059ddd-e2c8-44b9-bb1f-afd57012ea4a,failed,True
c1f26557-2970-4c4a-9294-8bffd7377066,255bce73-e064-4b96-bd76-712eeb53b734,sending,898771.05,2021-04-19 15:02:37,Mendezview,0b059ddd-e2c8-44b9-bb1f-afd57012ea4a,failed,False
b2f5e234-9ce8-4c96-8106-d757073cb458,623fc3bd-3bb1-47d0-8489-cd2507b6f0f7,refund,579540.41,2024-06-02 21:53:49,Lake Erinstad,0b059ddd-e2c8-44b9-bb1f-afd57012ea4a,failed,True
da463f20-73ed-4cbe-b86e-fa9b113de195,139749e5-db45-4655-a641-5479a65004d5,transfer,614853.7,2022-05-31 20:06:16,Port Justin,0b059ddd-e2c8-44b9-bb1f-afd57012ea4a,success,True
46f8a767-c6a1-42b9-8048-dfadf053a17f,a1a53111-8981-4f0d-bf51-ed4c31b76765,receiving,895099.24,2021-07-31 05:52:08,West Christopherfurt,0b059ddd-e2c8-44b9-bb1f-afd57012ea4a,success,False
815249ad-69d9-40cb-9d9e-991b118c6f28,d348255b-3a4b-4d09-902d-e66cbefef4b9,transfer,858960.63,2020-10-30 08:42:37,Lake Joannville,0b059ddd-e2c8-44b9-bb1f-afd57012ea4a,pending,True
b11974bd-c637-474f-bb5d-6eb9800f7ca6,172f0e07-9565-4239-b7da-82948dba3ea4,sending,393596.41,2024-02-16 12:15:20,Amyland,0b059ddd-e2c8-44b9-bb1f-afd57012ea4a,failed,True
24285b21-592e-4be2-b42c-f8d3b407a3e3,66490d15-dc7b-4b8c-a8df-8cd68bbc426f,transfer,362281.13,2023-11-01 11:05:43,South Williamview,0b059ddd-e2c8-44b9-bb1f-afd57012ea4a,pending,False
554b28b6-79d4-4c56-a860-6df809a91e9d,1746c844-711f-4156-987f-8c7bdc50781e,receiving,244332.22,2022-07-20 14:59:32,East Daniel,0b059ddd-e2c8-44b9-bb1f-afd57012ea4a,success,True
33158b49-2a3f-4daa-89c4-b3977a0c4f58,d8f1282e-62d7-45e6-ae51-90b9b0ff5797,purchase,178176.37,2021-06-06 07:45:12,Lake Mitchell,0b059ddd-e2c8-44b9-bb1f-afd57012ea4a,failed,False
7fa54480-9f5d-4ea0-99a8-e01c385ef903,8bf8a49c-5a62-4d82-83e5-567198f5177d,transfer,581307.36,2021-08-17 22:04:37,North Elizabeth,0b059ddd-e2c8-44b9-bb1f-afd57012ea4a,failed,False
36fea680-e475-492f-bde2-d371e9d79fba,a23d3a12-6870-45ea-aeb9-008f824e811d,sending,982636.65,2021-02-24 01:18:01,Johnton,0b059ddd-e2c8-44b9-bb1f-afd57012ea4a,success,True
28f72347-cca0-4d6d-ab63-e484319ca74b,00e219c0-1adc-4558-af36-62b68503512d,purchase,318660.18,2022-11-26 11:11:42,Powellfort,0b059ddd-e2c8-44b9-bb1f-afd57012ea4a,success,True
bf5f2109-9e5e-4053-819c-9a99882b225f,25c84b6c-03e8-491b-aa7b-20ddfcda9d65,transfer,384832.21,2024-07-15 14:14:45,Lake Justinshire,0b059ddd-e2c8-44b9-bb1f-afd57012ea4a,pending,False
a8a07662-b692-4a3b-abae-9aa7df49726d,edbfe105-8224-4f9c-a7c6-d1532e5a54bb,transfer,38369.37,2022-03-08 02:17:01,Johnsonhaven,0b059ddd-e2c8-44b9-bb1f-afd57012ea4a,pending,False
c5690d84-979a-4373-bce2-86a9e75fb463,4f357b6c-c620-4759-adef-58dd01c0476d,transfer,173316.92,2021-06-08 21:35:31,South Jessicastad,0b059ddd-e2c8-44b9-bb1f-afd57012ea4a,failed,False
